Position,Name,Year,URL,Description
1,The Wizard of Oz,1939,https://boxd.it/29Xu,
2,Roman Holiday,1953,https://boxd.it/29zW,
3,Psycho,1960,https://boxd.it/2ab2,
4,Mary Poppins,1964,https://boxd.it/2aoA,
5,Casablanca,1942,https://boxd.it/2aG0,
6,It's a Wonderful Life,1946,https://boxd.it/28xA,
7,12 Angry Men,1957,https://boxd.it/2auI,
8,The Graduate,1967,https://boxd.it/18Im,
9,Charade,1963,https://boxd.it/23O2,
10,Some Like It Hot,1959,https://boxd.it/2aNA,
11,Singin' in the Rain,1952,https://boxd.it/29oY,
12,The Sound of Music,1965,https://boxd.it/1MLK,
13,The Apartment,1960,https://boxd.it/2aGE,
14,Double Indemnity,1944,https://boxd.it/297I,
15,What Ever Happened to Baby Jane?,1962,https://boxd.it/1WJE,
16,Rear Window,1954,https://boxd.it/2a6Q,
17,Vertigo,1958,https://boxd.it/2apI,
18,Gentlemen Prefer Blondes,1953,https://boxd.it/29Hc,
19,The Night of the Hunter,1955,https://boxd.it/25HW,
20,It Happened One Night,1934,https://boxd.it/25Ng,
21,Seconds,1966,https://boxd.it/1Dbe,
22,The Philadelphia Story,1940,https://boxd.it/29a8,
23,Notorious,1946,https://boxd.it/2aDK,
24,Ball of Fire,1941,https://boxd.it/1ms8,
25,How to Steal a Million,1966,https://boxd.it/25Yo,
26,You Can't Take It with You,1938,https://boxd.it/1ejM,
27,Bringing Up Baby,1938,https://boxd.it/29ks,
28,The Shop Around the Corner,1940,https://boxd.it/1DFy,
29,All About Eve,1950,https://boxd.it/29LI,
30,Laura,1944,https://boxd.it/27Oq,
31,Witness for the Prosecution,1957,https://boxd.it/18H4,
32,The Lady Eve,1941,https://boxd.it/25LY,
33,Dial M for Murder,1954,https://boxd.it/2adW,
34,Strangers on a Train,1951,https://boxd.it/29tk,
35,Sunset Boulevard,1950,https://boxd.it/2a20,
36,Waterloo Bridge,1940,https://boxd.it/TuO,
37,Rebecca,1940,https://boxd.it/2aQa,
38,Holiday,1938,https://boxd.it/1Ks2,
39,The Children's Hour,1961,https://boxd.it/1DZI,
40,Christmas in Connecticut,1945,https://boxd.it/1PFA,
41,The Red Shoes,1948,https://boxd.it/1EXI,
42,Rosemary's Baby,1968,https://boxd.it/29zM,
43,Arsenic and Old Lace,1944,https://boxd.it/2aRW,
44,The Ghost and Mrs. Muir,1947,https://boxd.it/1ANk,
45,His Girl Friday,1940,https://boxd.it/25M8,
46,Ninotchka,1939,https://boxd.it/2802,
47,How to Marry a Millionaire,1953,https://boxd.it/1WBq,
48,The Awful Truth,1937,https://boxd.it/1NBc,
49,To Be or Not to Be,1942,https://boxd.it/2aTy,
50,Gaslight,1944,https://boxd.it/1PYs,
51,Midnight,1939,https://boxd.it/1hXK,
52,In a Lonely Place,1950,https://boxd.it/1JgO,
53,Top Hat,1935,https://boxd.it/25MW,
54,The Gay Divorcee,1934,https://boxd.it/2lio,
55,A Streetcar Named Desire,1951,https://boxd.it/29Mc,
56,The Thin Man,1934,https://boxd.it/25gw,
57,Don't Bother to Knock,1952,https://boxd.it/1yw2,
58,Breakfast at Tiffany's,1961,https://boxd.it/2aYS,
59,West Side Story,1961,https://boxd.it/28dK,
60,Heaven Can Wait,1943,https://boxd.it/1Gpy,
61,A Place in the Sun,1951,https://boxd.it/1vlg,
62,Stage Door,1937,https://boxd.it/Tom,
63,Mildred Pierce,1945,https://boxd.it/25uS,
64,My Man Godfrey,1936,https://boxd.it/1PTC,
65,The Big Sleep,1946,https://boxd.it/29iQ,
66,To Have and Have Not,1944,https://boxd.it/1Am4,
67,Who's Afraid of Virginia Woolf?,1966,https://boxd.it/2atK,
68,Cactus Flower,1969,https://boxd.it/2lie,
69,Vivacious Lady,1938,https://boxd.it/1f7W,
70,Wait Until Dark,1967,https://boxd.it/1Unc,
71,Libeled Lady,1936,https://boxd.it/1imK,
72,To Catch a Thief,1955,https://boxd.it/2avm,
73,I Married a Witch,1942,https://boxd.it/1uJG,
74,The Birds,1963,https://boxd.it/2a6m,
75,Sabrina,1954,https://boxd.it/21tc,
76,The Divorce of Lady X,1938,https://boxd.it/TqC,
77,Spellbound,1945,https://boxd.it/24Ji,
78,The Talk of the Town,1942,https://boxd.it/1zzG,
79,Suspicion,1941,https://boxd.it/1TNo,
80,Marked Woman,1937,https://boxd.it/1vz8,
81,A Woman's Face,1941,https://boxd.it/1rni,
82,Swing Time,1936,https://boxd.it/1DGw,
83,Dark Passage,1947,https://boxd.it/1Ky0,
84,Darling,1965,https://boxd.it/1yfq,
85,Bonnie and Clyde,1967,https://boxd.it/2ajg,
86,Funny Face,1957,https://boxd.it/1Qpy,
87,Gilda,1946,https://boxd.it/251G,
88,Design for Living,1933,https://boxd.it/2FJE,
89,What a Way to Go!,1964,https://boxd.it/1z3K,
90,Stage Fright,1950,https://boxd.it/27Is,
91,The Asphalt Jungle,1950,https://boxd.it/1Jrs,
92,Out of the Past,1947,https://boxd.it/29PK,
93,Bunny Lake Is Missing,1965,https://boxd.it/27NW,
94,Meet Me in St. Louis,1944,https://boxd.it/29j0,
95,The Ladykillers,1955,https://boxd.it/230w,
96,Carnival of Souls,1962,https://boxd.it/1KQ4,
97,Brief Encounter,1945,https://boxd.it/29sm,
98,A Star Is Born,1954,https://boxd.it/25I6,
99,Love in the Afternoon,1957,https://boxd.it/1HcK,
100,Pillow Talk,1959,https://boxd.it/23AE,
101,Adam's Rib,1949,https://boxd.it/1vQy,
102,The Women,1939,https://boxd.it/1AuM,
103,The Seven Year Itch,1955,https://boxd.it/1VIK,
104,Nosferatu,1922,https://boxd.it/29TM,
105,Metropolis,1927,https://boxd.it/71a,
106,The Trial,1962,https://boxd.it/25Xg,
107,Sherlock Jr.,1924,https://boxd.it/298m,
108,"""It""",1927,https://boxd.it/2SMc,
109,Monkey Business,1952,https://boxd.it/1yvy,
110,A Midsummer Night's Dream,1935,https://boxd.it/1FKU,
111,The General,1926,https://boxd.it/29co,
112,My Fair Lady,1964,https://boxd.it/1UBI,
113,Cat on a Hot Tin Roof,1958,https://boxd.it/2aK2,
114,Jezebel,1938,https://boxd.it/27IM,
115,Gone with the Wind,1939,https://boxd.it/29Fq,
116,Lawrence of Arabia,1962,https://boxd.it/2wRE,
117,Pandora's Box,1929,https://boxd.it/29jE,
118,Wings,1927,https://boxd.it/1osO,
