Título,Año,Sinopsis,Director(es),Duración,Géneros,Reparto principal,Nombre original,Año original,Enlace
The Gingerdead Man,2005,"An evil yet adorable Gingerbread man comes to life with the soul of a convicted killer, and this real life cookie monster wreaks havoc on the girl who sent the killer to the electric chair.",Charles Band,70 mins   More at IMDb TMDB  Report this page,"Horror, Fantasy, Comedy","Gary Busey, Robin Sydney, Ryan Locke",The Gingerdead Man,2005,https://letterboxd.com/film/the-gingerdead-man/
Gingerdead Man 2: The Passion of the Crust,2008,The horrifying yet delicious and chewy Gingerdead Man causes murder and mayhem on the set of a horrible low budget movie set. It will take the determination of the studio's young new owner to save both his company and well as the lives of his young new friends. Including a terminally ill young boy whose final wish it was to meet the studios stars - The Tiny Terrors.,Silvia St. Croix,72 mins   More at IMDb TMDB  Report this page,"Comedy, Horror, Fantasy","K-von, Joseph Porter, Kelsey Sanders",Gingerdead Man 2: The Passion of the Crust,2008,https://letterboxd.com/film/gingerdead-man-2-the-passion-of-the-crust/
Gingerdead Man 3: Saturday Night Cleaver,2011,The gingerdead man travels back in time to 1976 and carries out an epic disco killing spree.,Silvia St. Croix,78 mins   More at IMDb TMDB  Report this page,"Horror, Science Fiction, Comedy","William Butler, Paris Wagner, Jacqui Holland",Gingerdead Man 3: Saturday Night Cleaver,2011,https://letterboxd.com/film/gingerdead-man-3-saturday-night-cleaver/
Gingerdead Man vs. Evil Bong,2013,"Serial killing cookie, Gingerdead Man, tracks down the lone survivor of his murderous rampage, who unleashes the Evil Bong once again.",Charles Band,83 mins   More at IMDb TMDB  Report this page,"Comedy, Horror","John Patrick Jordan, Robin Sydney, Michelle Mais",Gingerdead Man vs. Evil Bong,2013,https://letterboxd.com/film/gingerdead-man-vs-evil-bong/
Evil Bong,2006,"Straight-laced nerd Alistair moves into a college dorm with hardcore marijuana users, who order an old giant bong that proves to have strange magical powers, which sends people to a bizarre drugged-out alternate realm from which there is no easy escape.",Charles Band,86 mins   More at IMDb TMDB  Report this page,"Horror, Comedy","David Weidoff, John Patrick Jordan, Mitch Eakins",Evil Bong,2006,https://letterboxd.com/film/evil-bong/
Evil Bong 2: King Bong,2009,Larnell and Luanne travel to South America in search of an antidote to the deranged effects caused by taking hits off of the malevolent Evil Bong.,Charles Band,80 mins   More at IMDb TMDB  Report this page,"Horror, Comedy","Brett Chukerman, Mitch Eakins, John Patrick Jordan",Evil Bong 2: King Bong,2009,https://letterboxd.com/film/evil-bong-2-king-bong/
Evil Bong 3: The Wrath of Bong,2011,"When an evil alien bong crashes on Earth, Luann, Larnell and their other pals soon discover its evil intent: full-blown global domination!",Charles Band,86 mins   More at IMDb TMDB  Report this page,"Horror, Comedy, Science Fiction","John Patrick Jordan, Brian Lloyd, Mitch Eakins",Evil Bong 3: The Wrath of Bong,2011,https://letterboxd.com/film/evil-bong-3-the-wrath-of-bong/
Evil Bong 420,2015,"Rabbit has escaped the Evil Bong’s World of Weed, and has opened a topless bowling alley. When his old friends, Larnell and Sarah Leigh stop by to help him celebrate his wacky new business venture, the Evil Bong gets hot on his trail.",Charles Band,53 mins   More at IMDb TMDB  Report this page,"Horror, Comedy","Sonny Carl Davis, John Patrick Jordan, Robin Sydney",Evil Bong 420,2015,https://letterboxd.com/film/evil-bong-420/
Evil Bong: High-5!,2016,"With Larnell, Sarah Leigh, Rabbit, Velicity and a lobotomized Gingerdead Man trapped in her dastardly web of weed, the Bong World, for good, EeBee the Evil Bong once more sets about her plan for world domination.",Charles Band,71 mins   More at IMDb TMDB  Report this page,"Horror, Comedy","John Patrick Jordan, Robin Sydney, Mindy Robinson",Evil Bong: High-5!,2016,https://letterboxd.com/film/evil-bong-high-5/
Evil Bong 666,2017,"When a blood sacrifice opens a portal to Hell, Eebee is returned to Earth where Lucy Furr, the new proprietor of her weed shop, has some sinister plans of her own.",Charles Band,65 mins   More at IMDb TMDB  Report this page,Horror,"Megan Sage, Riley Mae, Robin Sydney",Evil Bong 666,2017,https://letterboxd.com/film/evil-bong-666/
Evil Bong 777,2018,"Eebee is now out of ""Sexy Hell"" and heading to Las Vegas with danger on her tail.",Charles Band,60 mins   More at IMDb TMDB  Report this page,"Horror, Comedy, Fantasy","Sonny Carl Davis, Robin Sydney, Jessica Morris",Evil Bong 777,2018,https://letterboxd.com/film/evil-bong-777/
Doll Graveyard,2005,"It's 1905 when 12 year old Sophia plays all by herself in her big, creepy house with only four handmade dolls as friends. When her abusive father has finally had enough, he forces her to bury them in the backyard. But, after she ""slips"" and breaks her neck, dad buries her right along with the dolls. 100 years later, the Fillbrook family moves into the very same house.",Charles Band,71 mins   More at IMDb TMDB  Report this page,Horror,"Jared Kusnitz, Gabrielle Lynn, Kristyn Green",Doll Graveyard,2005,https://letterboxd.com/film/doll-graveyard/
Ooga Booga,2013,"Revenge is served on a spear when dirty cops brutally murder Devin, an innocent African-American med student. Devin's soul is magically transferred into the body of an action figure named Ooga Booga. Armed only with his tribal weapon and the help of his old girlfriend, Donna, Ooga Booga takes to the streets and trailer parks to find the men who stole his bright future away from him. The bodies begin to pile up as Ooga Booga slices and dices his way through crooked cops, meth heads and demented city officials in order to clear his name.",Charles Band,87 mins   More at IMDb TMDB  Report this page,"Fantasy, Horror, Comedy","Karen Black, Stacy Keach, Ciarra Carter",Ooga Booga,2013,https://letterboxd.com/film/ooga-booga/
Shrunken Heads,1994,Three teens killed by a local crime boss return for revenge after a witch doctor revives them through voodoo magic.,Richard Elfman,86 mins   More at IMDb TMDB  Report this page,"Horror, Comedy, Thriller","Leigh-Allyn Baker, Julius Harris, Meg Foster",Shrunken Heads,1994,https://letterboxd.com/film/shrunken-heads/
Head of the Family,1996,"In the midst of a torrid affair, Lance discovers that Nob Hollow's weirdest residents, the Stackpoole family, have been doing hideous human experiments in the bowels of their basement.",Charles Band,82 mins   More at IMDb TMDB  Report this page,"Comedy, Horror","Blake Adams, Jacqueline Lovell, Alexandra Quinn",Head of the Family,1996,https://letterboxd.com/film/head-of-the-family/
Murdercycle,1999,A meteor falls to earth near a secret CIA military hideout and merges with a motorcycle and it's rider to create an alien soldier bent on recovering an alien artifact..,Thomas L. Callaway,90 mins   More at IMDb TMDB  Report this page,"Science Fiction, Action","Charles Wesley, Cassandra Ellis, Robert Donavan",Murdercycle,1999,https://letterboxd.com/film/murdercycle/
The Vault,2001,"Housed inside a vault in the basement of an abandoned school lurks an evil that has been locked away for over a hundred years. When a teacher and 5 students visit the school to archive any memorabilia before it's torn down, they mistakenly free the horrific spirit, turning the school into a deadly prison. Now they must face the evil and banish it to the vault once again before it kills them and escapes to destroy the world...",James Black,72 mins   More at IMDb TMDB  Report this page,"Action, Thriller, Horror","Leopoldo Mandeville, James Black, Michael Cory Davis",The Vault,2001,https://letterboxd.com/film/the-vault-2001/
Shadowzone,1990,"After someone is killed in the subterranean project called ""Shadowzone,"" a NASA captain is called in to investigate. In the project, sleeping subjects are induced into a deep EDS state whereby they become portals to a parallel universe. Unfortunately this causes adverse reactions in the subject, and something gets through the portal, the consequence of which is an attrition problem.",J.S. Cardone,88 mins   More at IMDb TMDB  Report this page,"Science Fiction, Horror","Louise Fletcher, David Beecroft, James Hong",Shadowzone,1990,https://letterboxd.com/film/shadowzone/
When Puppets and Dolls Attack!,2005,A compilation film containing scenes from Full Moon's Puppets and Dolls movie franchise.,Solomon Glitz,84 mins   More at IMDb TMDB  Report this page,Horror,Ian Abercrombie,When Puppets and Dolls Attack!,2005,https://letterboxd.com/film/when-puppets-and-dolls-attack-2005/
Vengeance of the Dead,2001,"Visiting his Grandpa in the small town of Harvest, Eric is haunted in his dreams by Julia, a ghost who falls in love with him, appearing first as a little girl and later as an adult. In the dreams, Julia reveals that she was burned alive and her mother murdered by hooded men. He is soon unable to distinguish these dreams from reality, and finds himself desecrating the grave of one of the killers, and burning alive those that are still alive, all while sleepwalking.",Don Adams,72 mins   More at IMDb TMDB  Report this page,Horror,"Michael Galvin, Mark Vollmers, Susan Karsnick",Vengeance of the Dead,2001,https://letterboxd.com/film/vengeance-of-the-dead/
Dollman,1991,"Brick Bardo is a traveller from outer space who is forced to land on Earth. Though regular sized on his home planet, he is doll-sized here on Earth, as are the enemy forces who have landed as well. While Brick enlists the help of an impoverished girl and her son, the bad guys enlist the help of a local gang. When word leaks out as to his location, and all hell breaks loose, Brick is besieged by an onslaught of curious kids, angry gang members, and his own doll-sized enemies, and he must protect the family who has helped him and get off the planet alive.",Albert Pyun,82 mins   More at IMDb TMDB  Report this page,"Science Fiction, Action","Tim Thomerson, Jackie Earle Haley, Kamala Lopez",Dollman,1991,https://letterboxd.com/film/dollman/
Dollman vs. Demonic Toys,1993,"The Demonic Toys are back, so policewoman Judith Grey seeks the help of 12 inch tall Dollman and his 12 inch tall girlfriend, Nurse Ginger. The Toys hole up in an evil deserted toy factory and it's up to Dollman to keep the Toys from summoning the powers of darkness to the Earth.",Charles Band,64 mins   More at IMDb TMDB  Report this page,"Horror, Fantasy, Science Fiction","Tim Thomerson, Tracy Scoggins, Melissa Behr",Dollman vs. Demonic Toys,1993,https://letterboxd.com/film/dollman-vs-demonic-toys/
Demonic Toys,1992,"While on a stakeout, Judith Gray, a beautiful, tough cop, is trapped inside a warehouse full of toys that have been awakened to murderous life by a strange child of darkness.",Peter Manoogian,86 mins   More at IMDb TMDB  Report this page,Horror,"Tracy Scoggins, Bentley Mitchum, Daniel Cerny",Demonic Toys,1992,https://letterboxd.com/film/demonic-toys/
Puppet Master,1989,"Alex Whitaker and three other gifted psychics investigate rumors that the secret of life has been discovered by master puppeteer, Andre Toulon, in the form of five killer puppets uniquely qualified for murder and mayhem.",David Schmoeller,83 mins   More at IMDb TMDB  Report this page,"Science Fiction, Fantasy, Horror","Paul Le Mat, William Hickey, Irene Miracle",Puppet Master,1989,https://letterboxd.com/film/puppet-master-1989/
Meridian,1990,"After her father’s death, Catherine returns to her family’s gothic castle in Italy and gets caught in the web of a mysterious love triangle.",Charles Band,85 mins   More at IMDb TMDB  Report this page,"Romance, Horror, Mystery","Sherilyn Fenn, Malcolm Jamieson, Charlie Spradling",Meridian,1990,https://letterboxd.com/film/meridian/
Crash and Burn,1990,"Unicom is a powerful organization overseeing most of the world after its economic collapse. They have banned computers and robots in an attempt to insure ""life, liberty, and the pursuit of economic stability"". When a Unicom Synth robot infiltrates a southwest TV station and kills the manager, a revolutionary against the gestapo-like corporation, a lowly Unicom delivery man must help the rest of the station survive through the incoming ""thermal storm"".",Charles Band,85 mins   More at IMDb TMDB  Report this page,"Action, Science Fiction, Horror, Thriller","Paul Ganus, Megan Ward, Ralph Waite",Crash and Burn,1990,https://letterboxd.com/film/crash-and-burn/
Puppet Master II,1990,"A new team of paranormal researchers has come to the hotel to investigate its murder-soaked past; the puppets -- led by a new member, Torch -- shed some light on the matter, as they tunnel, burn, strangle and hook to survive.",David Allen,88 mins   More at IMDb TMDB  Report this page,"Horror, Mystery, Science Fiction","Elizabeth Maclellan, Collin Bernsen, Steve Welles",Puppet Master II,1990,https://letterboxd.com/film/puppet-master-ii/
The Pit and the Pendulum,1991,"Set during the height of Spanish Inquisition. The beautiful and kind-hearted Maria is arrested as a witch when she inadvertently cries out in horror at the public whipping of a child. As Maria’s husband Antonio tries to save her, Torquemada, the Grand Inquisitor, determines to punish Maria with torture for the desire she inflames in him. Loosely based on Edgar Allen Poe's classic short story.",Stuart Gordon,97 mins   More at IMDb TMDB  Report this page,"Romance, Horror","Lance Henriksen, Stephen Lee, William Norris",The Pit and the Pendulum,1991,https://letterboxd.com/film/the-pit-and-the-pendulum/
Puppet Master III,1991,"After hearing that mystical toymaker Andre Toulon has managed to create a troupe of sentient, living puppets, Nazi underling Dr. Hess sets his sights on exploiting Toulon's powers for the glory of the Reich.",David DeCoteau,82 mins   More at IMDb TMDB  Report this page,"Science Fiction, Horror, Fantasy","Guy Rolfe, Richard Lynch, Ian Abercrombie",Puppet Master III,1991,https://letterboxd.com/film/puppet-master-iii/
Subspecies,1991,Three students get caught in the struggle between a good vampire and his evil brother in the Transylvanian mountains.,Ted Nicolaou,84 mins   More at IMDb TMDB  Report this page,"Horror, Fantasy","Anders Hove, Angus Scrimm, Laura Mae Tate",Subspecies,1991,https://letterboxd.com/film/subspecies/
Trancers II: The Return of Jack Deth,1991,"Once again someone from the future has come back to create an army of Trancers, human zombies who do what they're told without question or pause. Now officer Jack Deth, a cop from the future stranded in the past, must once again go forth to stop them. This sci-fi action sequel chronicles his courageous actions as he struggles to save the future. His difficulties are compounded when his boss sends his first wife back from the future to help Deth who has unfortunately, married a 20th-century girl.",Charles Band,85 mins   More at IMDb TMDB  Report this page,"Science Fiction, Thriller, Action","Tim Thomerson, Helen Hunt, Megan Ward",Trancers II: The Return of Jack Deth,1991,https://letterboxd.com/film/trancers-ii-the-return-of-jack-deth/
Bad Channels,1992,An alien determined to capture human females takes over a radio station to do it.,Ted Nicolaou,88 mins   More at IMDb TMDB  Report this page,"Science Fiction, Horror, Comedy","Robert Factor, Martha Quinn, Aaron Lustig",Bad Channels,1992,https://letterboxd.com/film/bad-channels/
Doctor Mordrid,1992,"Bound by hate and a mystical amulet that holds the powers of life and death, two immortal wizards meet for the last time in an ancient struggle of good versus evil.",Albert Band,74 mins   More at IMDb TMDB  Report this page,"Science Fiction, Horror, Thriller, Action, Fantasy","Jeffrey Combs, Yvette Nipar, Jay Acovone",Doctor Mordrid,1992,https://letterboxd.com/film/doctor-mordrid/
Netherworld,1992,A young man arrives at his father's mansion in Louisiana to discover that a secretive cult is using winged creatures to raise the dead to do their bidding.,David Schmoeller,87 mins   More at IMDb TMDB  Report this page,Horror,"Michael Bendetti, Denise Gentile, Anjanette Comer",Netherworld,1992,https://letterboxd.com/film/netherworld/
Seedpeople,1992,The citizens of Comet Valley are being taken over by seeds from an alien plant that has taken root there. A sheriff investigates the strange goings-on.,Peter Manoogian,87 mins   More at IMDb TMDB  Report this page,"Science Fiction, Horror","Sam Hennings, Andrea Roth, Dane Witherspoon",Seedpeople,1992,https://letterboxd.com/film/seedpeople/
Trancers 3: Deth Lives,1992,"A time traveling cop, Jack Deth, from the future is taken back to the past to be given the task of destroying the Trancer program before it has a chance to get out of control, sending the world into a state of chaos and war.",C. Courtney Joyner,74 mins   More at IMDb TMDB  Report this page,"Science Fiction, Thriller, Action","Tim Thomerson, Melanie Smith, Andrew Robinson",Trancers 3: Deth Lives,1992,https://letterboxd.com/film/trancers-3-deth-lives/
Arcade,1993,"Alex Manning and her friends decide to visit the local video arcade known as ""Dante's Inferno"" where a new virtual reality arcade game called ""Arcade"" is being test marketed by a computer company CEO. However, it soon becomes clear that the teenagers who lose are being imprisoned inside the virtual reality world by the central villain ""Arcade"" and takes over their minds.",Albert Pyun,85 mins   More at IMDb TMDB  Report this page,"Science Fiction, Fantasy, Thriller, Horror","Megan Ward, Peter Billingsley, John de Lancie",Arcade,1993,https://letterboxd.com/film/arcade/
Bloodstone: Subspecies II,1993,"Continuing after the first ""Subspecies"", a woman who has just become a vampire tries to escape the evil vampire, Radu, who seeks her as his love interest. But she has taken the vampire family's bloodstone, and now Radu must find her to get it back. While her sister comes to Romania to save her soul. It might be too late....",Ted Nicolaou,87 mins   More at IMDb TMDB  Report this page,"Horror, Fantasy","Anders Hove, Denice Duff, Ion Haiduc",Bloodstone: Subspecies II,1993,https://letterboxd.com/film/bloodstone-subspecies-ii/
Invisible: The Chronicles of Benjamin Knight,1993,"When a lab experiment goes wrong, Benjamin Knight is left invisible while his scientist friends trying to find a formula that will restore his visibility to last the rest of his life.",Jack Ersgard,83 mins   More at IMDb TMDB  Report this page,"Action, Horror, Science Fiction","Brian Cousins, Jennifer Nash, Michael Della Femina",Invisible: The Chronicles of Benjamin Knight,1993,https://letterboxd.com/film/invisible-the-chronicles-of-benjamin-knight/
Mandroid,1993,"In his hidden laboratory deep in Russia, Dr. Karl Zimmer has invented the Mandroid, a humanoid robot which follows the motions of a man in a special control suit. He has offered the invention to the USA, who have sent Smith and Wait from the CIA for inspection. However Zimmer's partner Drago has different plans, wants to sell Mandroid to the military. The night he tries to steal Mandroid, he becomes exposed to the highly toxic Superconn. But he can flee and won't give up on Mandroid, even though he's terribly disfigured.",Jack Ersgard,81 mins   More at IMDb TMDB  Report this page,"Action, Science Fiction, Horror","Mircea Albulescu, Radu Minculescu, Jane Caldwell",Mandroid,1993,https://letterboxd.com/film/mandroid/
Puppet Master 4,1993,"Blade, Tunneler, and Pinhead go toe-to-toe with a team of terrifying, gremlin-like creatures known as ""Totems"" that are sent by the Egyptian demon Sutekh to recapture the magic stolen by Toulon.",Jeff Burr,79 mins   More at IMDb TMDB  Report this page,"Science Fiction, Fantasy, Horror","Gordon Currie, Chandra West, Ash Adams",Puppet Master 4,1993,https://letterboxd.com/film/puppet-master-4/
Robot Wars,1993,"In the year 2041, the rebel Centros are a plague to the survivors of the great toxic gas scare of 1993. A renegade Megarobot pilot and an archaeologist must team up (despite personal differences, a reluctant romance, and official pressure to cease and desist) to thwart the Centro's attempts to resurrect a hidden Megarobot, with which they can challenge the prevailing order.",Albert Band,67 mins   More at IMDb TMDB  Report this page,"Science Fiction, Thriller, Action","Don Michael Paul, Barbara Crampton, James Staley",Robot Wars,1993,https://letterboxd.com/film/robot-wars/
Bloodlust: Subspecies III,1994,"Still in the thrall of the evil vampire Radu, Michelle yearns to be taught the skills of the vampire. Meanwhile, her sister Becky tries to free her from his evil clutches, and this time, she's brought some help.",Ted Nicolaou,83 mins   More at IMDb TMDB  Report this page,"Horror, Fantasy, Thriller","Anders Hove, Denice Duff, Kevin Spirtas",Bloodlust: Subspecies III,1994,https://letterboxd.com/film/bloodlust-subspecies-iii/
Dark Angel: The Ascent,1994,"A demoness from Hell, Veronica Iscariot, uninterested in tormenting the souls of damned sinners, ascends to the world above and finds our world full of evil and corruption. Veronica decides her mission in life is to punish the wicked and evil and goes about this with a bloody vengeance. Along the way she meets and falls in love with a doctor, Max Barris, who tends her wounds after an accident.",Linda Hassani,81 mins   More at IMDb TMDB  Report this page,"Fantasy, Horror, Romance","Angela Featherstone, Daniel Markel, Nicholas Worth",Dark Angel: The Ascent,1994,https://letterboxd.com/film/dark-angel-the-ascent/
Lurking Fear,1994,"The storm-swept and depopulated town of Leffert’s Corners has been terrorized for decades by grotesque creatures that breed in the depths beneath the local cemetery. A group of townspeople have hatched a last-ditch plan to destroy the ghoul-infested graveyard, but their mission is interrupted by the arrival of a band of violent thieves intent on retrieving money hidden in one of the graves.",C. Courtney Joyner,77 mins   More at IMDb TMDB  Report this page,"Horror, Crime","Jon Finch, Blake Adams, Ashley Laurence",Lurking Fear,1994,https://letterboxd.com/film/lurking-fear/
Oblivion,1994,"On another planet which resembles the Old West, a die-hard pacifist is forced to re-examine his ways after an evil alien bandit and his gang murder his estranged sheriff father, take over his home town, and threaten his friends.",Sam Irvin,94 mins   More at IMDb TMDB  Report this page,"Science Fiction, Comedy, Western, Adventure","Richard Joseph Paul, Jackie Swanson, Andrew Divoff",Oblivion,1994,https://letterboxd.com/film/oblivion/
Puppet Master 5,1994,"Sutekh, the dark pharaoh from another dimension, sends his own puppet, Totem, to continue his quest to kill Rick and steal the magic which animates the puppets.",Jeff Burr,82 mins   More at IMDb TMDB  Report this page,"Fantasy, Science Fiction, Horror","Gordon Currie, Chandra West, Ian Ogilvy",Puppet Master 5,1994,https://letterboxd.com/film/puppet-master-5/
Trancers 4: Jack of Swords,1994,"Jack is now back in the future. He had since lost Lena, and finds out that he's lost his other wife Alice to none other than Harris. While heading out for another assignment, something goes awry with the TCL chamber. Jack finds himself in a whole new dimension. He also runs across a different version of trancers. These guys seem to be in control of this planet. Jack manages to assist a rebel group known as the ""Tunnel Rats"" crush the rule of the evil Lord Calaban.",David Nutter,83 mins   More at IMDb TMDB  Report this page,"Science Fiction, Action","Tim Thomerson, Stacie Randall, Ty Miller",Trancers 4: Jack of Swords,1994,https://letterboxd.com/film/trancers-4-jack-of-swords/
Trancers 5: Sudden Deth,1994,"Jack Deth is back for one more round with the trancers. Jack must attempt to find his way home from the other-dimensional world of Orpheus, where magic works and the trancers were the ruling class (before Trancers IV, that is). Unfortunately, Jack's quest to find the mystical Tiamond in the Castle of Unrelenting Terror may be thwarted by the return of Caliban, king of the trancers who was thought dead.",David Nutter,91 mins   More at IMDb TMDB  Report this page,"Science Fiction, Thriller, Action, Comedy","Tim Thomerson, Stacie Randall, Ty Miller",Trancers 5: Sudden Deth,1994,https://letterboxd.com/film/trancers-5-sudden-deth/
Castle Freak,1995,"John Reilly discovers that his family's newly inherited castle in Italy is haunted by a relentless, bloodthirsty creature.",Stuart Gordon,90 mins   More at IMDb TMDB  Report this page,"Horror, Thriller, Drama, Mystery","Jeffrey Combs, Barbara Crampton, Jonathan Fuller",Castle Freak,1995,https://letterboxd.com/film/castle-freak/
Demon in the Bottle,1996,"Four teenagers find a lost treasure buried by a 18th century pirate on a desert island. But they accidentally release the monster who lives inside a bottle, keeping the treasure.",Randall William Cook,85 mins   More at IMDb TMDB  Report this page,"Fantasy, Adventure, Family, Comedy","Ashley Tesoro, Michael Malota, Rahi Aziz",Demon in the Bottle,1996,https://letterboxd.com/film/demon-in-the-bottle/
Oblivion 2: Backlash,1996,"In the alien-western world of Oblivion, a suave, yet lethal bounty hunter named Sweeney arrives to arrest the seductive outlaw Lash on multiple charges, including murder. Lash, who just ""inherited"" a mine of Derconium (the most valuable mineral in the universe) from Crowley in a game of cards, meets up with Redeye's brother, Jaggar, who wants the mine for himself to rule the galaxy. It's a fight over Lash between the sheriff of Oblivion, Jaggar, and Sweeney. But who will emerge victorious?",Sam Irvin,83 mins   More at IMDb TMDB  Report this page,"Science Fiction, Western, Comedy","Richard Joseph Paul, Jackie Swanson, Andrew Divoff",Oblivion 2: Backlash,1996,https://letterboxd.com/film/oblivion-2-backlash/
Vampire Journals,1997,A 19th century vampire stalks a more powerful vampire lord in his quest to gain revenge over the death of his mistress. In his search for the vampire lord in Eastern Europe he kills many of his servants and fellow vampires while cursing another to vampirism as well.,Ted Nicolaou,92 mins   More at IMDb TMDB  Report this page,"Thriller, Horror, Fantasy","Jonathon Morris, David Gunn, Kirsten Cerre",Vampire Journals,1997,https://letterboxd.com/film/vampire-journals/
Alien Abduction: Intimate Secrets,1996,Three beautiful women find themselves unwilling subjects of an alien scientist's experiments.,Lucian S. Diamonde,70 mins   More at IMDb TMDB  Report this page,"Drama, Science Fiction, Horror","Darcy DeMoss, Meredyth Holmes, Pía Reyes",Alien Abduction: Intimate Secrets,1996,https://letterboxd.com/film/alien-abduction-intimate-secrets/
Petticoat Planet,1996,"The hard-luck life of Commander Steve Rogers takes a surprising turn for the better when his dilapidated spacecraft crashes in Puckerbush Gulch, a place populated only by gun-toting, hard-drinking cowgirls. What appears to be an ideal situation soon turns out to be slightly more complicated, as Commander Rogers learns the problems of being the only man in a town of sensual, lonely women.",David DeCoteau,78 mins   More at IMDb TMDB  Report this page,"Science Fiction, Comedy, Fantasy","Elizabeth Kaitan, Troy Vincent, Lesli Kay",Petticoat Planet,1996,https://letterboxd.com/film/petticoat-planet/
The Creeps,1997,"Mad scientist brings Dracula, the Wolfman, the Mummy, and Frankenstein's Monster to life... but there's a problem and they end up three feet tall.",Charles Band,80 mins   More at IMDb TMDB  Report this page,"Horror, Science Fiction, Comedy","Rhonda Griffin, Justin Lauer, Bill Moynihan",The Creeps,1997,https://letterboxd.com/film/the-creeps/
Hideous!,1997,"Dr. Lorca, an eccentric collector of biological oddities - has just ""acquired"" his greatest specimen: a horrible mutant born of toxic sewage, but the creature's rightful owner wants it back. The collector's clash is cut short though, as the sickening specimen comes to life, re-animating an angry, oozing little army of ferocious freaks",Charles Band,82 mins   More at IMDb TMDB  Report this page,"Comedy, Horror","Michael Citriniti, Rhonda Griffin, Mel Johnson Jr.",Hideous!,1997,https://letterboxd.com/film/hideous/
Curse of the Puppet Master,1998,"Andre Toulon's diminutive assassins take up residence at The House of Marvels, a traveling doll circus run by Dr. Magrew, who has been trying to create a living doll of his own with little success.",David DeCoteau,78 mins   More at IMDb TMDB  Report this page,"Horror, Thriller, Science Fiction","George Peck, Emily Harrison, Josh Green",Curse of the Puppet Master,1998,https://letterboxd.com/film/curse-of-the-puppet-master/
Shrieker,1998,"Clark (Tanya Dempsey), a young Mathematics major at University, thinks she's found the best deal for student housing: a group of squatters who live in an abandoned hospital secretly. The quirky residents let her into their community provided she follow the rules, including not telling anyone about her living arrangements. All seems wonderful, until she discovers that the reason that the hospital was abandoned was a series of murders in the 1940s by a strange ""shrieking killer"" who was never captured - and the discovery that someone who's living in the hospital is using occult means to bring back the demonic ""Shrieker"".",David DeCoteau,84 mins   More at IMDb TMDB  Report this page,Horror,"Tanya Dempsey, Jamie Gannon, Parry Shen",Shrieker,1998,https://letterboxd.com/film/shrieker/
Subspecies 4: Bloodstorm,1998,"Vampire fledgling Michelle Morgan has escaped the grasp of her master Radu Vladislas. Found by a woman named Ana, she is taken to a hospital where a doctor claims to be able to cure her vampirism. Radu, recovering from the near-death delivered by Michelle and her friends, travels to Bucharest to follow his fledgling. He visits the vampire Ash's stronghold. Ash and his protege Serena plot to destroy Radu and employ the help of the humans, Ana and the Doctor.",Ted Nicolaou,85 mins   More at IMDb TMDB  Report this page,"Horror, Fantasy","Anders Hove, Denice Duff, Ioana Abur",Subspecies 4: Bloodstorm,1998,https://letterboxd.com/film/subspecies-4-bloodstorm/
Talisman,1998,"As the millenium draws near, an evil being awakens. Fused to an ancient Talisman for centuries -- Theriel, the Black Angel is summoned from his resting place to usher in the end of the world. The ghastly messenger must claim seven human sacrifices to complete the ritual and open the gates of Hell. A teenage boy and girl have been chosen to assist the angel in its deadly mission, yet they alone are the world's only hope for salvation.",David DeCoteau,72 mins   More at IMDb TMDB  Report this page,"Science Fiction, Horror","Billy Parish, Walter Jones, Jason Adelman",Talisman,1998,https://letterboxd.com/film/talisman/
Blood Dolls,1999,"Virgil, an eccentric freak billionaire, spends his days being a ""biological inventor."" The ""blood dolls,"" his newest creation, aid him in getting revenge on those who betrayed him.",Charles Band,84 mins   More at IMDb TMDB  Report this page,"Horror, Comedy","Kristopher Logan, Debra Mayer, William Paul Burns",Blood Dolls,1999,https://letterboxd.com/film/blood-dolls/
X-Treme Teens,1999,"When curious teenager Andy stumbles into a top-secret experiment at his stepfather's lab, the X-ray goggles he lifts draws him into a dangerous game.",Jeff Burr,93 mins   More at IMDb TMDB  Report this page,"Family, Science Fiction","Andrew Prine, Dan Zukovic, Dennis Haskins",X-Treme Teens,1999,https://letterboxd.com/film/x-treme-teens/
The Incredible Genie,1999,"Simon is a brainy but bashful 13-year-old who could use a best friend. But when he finally finds one, it turns out to be a 4000-year-old genie whose wish-granting skills need a serious tune-up! Before you can say ""Hocus pocus"", Simon and his magic-challenged buddy unleash an outrageous onslaught of wildly off-target wishes - attracting the attentions of a government scientist with an evil plan. Now Simon is about to learn that when the chips are down, friendship is the most powerful magic of all!",Alexander Cassini,91 mins   More at IMDb TMDB  Report this page,"Comedy, Family","Matt Koruba, Stacie Randall, Biff Manard",The Incredible Genie,1999,https://letterboxd.com/film/the-incredible-genie/
The Killer Eye,1999,"A mad scientist's experiment goes awry, turning a homeless man's eyeball into a giant killing machine that has an insatiable appetite for young women.",David DeCoteau,72 mins   More at IMDb TMDB  Report this page,"Science Fiction, Comedy, Horror","Jacqueline Lovell, Jonathan Norman, Nanette Bianchi",The Killer Eye,1999,https://letterboxd.com/film/the-killer-eye/
Retro Puppet Master,1999,"Andre Toulon, living a peaceful life as a puppeteer in pre-WWI Paris, encounters the renegade sorcerer Afzel, who has stolen the mysterious secrets of life from the dark god Sutekh.",David DeCoteau,80 mins   More at IMDb TMDB  Report this page,"Horror, Fantasy, Science Fiction","Greg Sestero, Brigitta Dau, Stephen Blackehart",Retro Puppet Master,1999,https://letterboxd.com/film/retro-puppet-master/
Totem,1999,"Six people find themselves inexplicably transported to a remote cabin that is surrounded by an invisible barrier. In a nearby graveyard, they discover an ancient, carved stone monument that they dub a ""totem pole."" Soon, they find themselves trapped in a murderous plot by malevolent forces that can control and manipulate their actions with the ultimate goal being to unleash three demonic entities from the monument.",David DeCoteau,68 mins   More at IMDb TMDB  Report this page,Horror,"Jason Faunt, Marissa Tait, Eric W. Edwards",Totem,1999,https://letterboxd.com/film/totem/
Witchouse,1999,"On Mayday 1998 in the town of Dunwich, Massachusetts, Elizabeth gathers together a group of specially selected friends for a rather odd party. It turns out that she is the descendent of a malevolent witch named Lilith who was burned at the stake precisely three hundred years ago. Now Elizabeth hopes to resurrect her dreadful ancestor and has a specific (and murderous) need for the guests she has chosen",David DeCoteau,72 mins   More at IMDb TMDB  Report this page,Horror,"Ariauna Albright, Matt Raftery, Monica Serene Garnich",Witchouse,1999,https://letterboxd.com/film/witchouse/
The Dead Hate the Living!,1999,"When a renegade band of young filmmakers break into an abandoned hospital to make their horror epic, they stumble upon a real dead body and decide to use it in their movie. They accidentally bring it back to life, open a portal to a dead world that releases dozens of other zombies, then struggle for their lives in a desperate attempt to flee from the creatures who apparently have them hopelessly trapped in the hospital.",Dave Parker,90 mins   More at IMDb TMDB  Report this page,"Comedy, Horror","Eric Clawson, Jamie Donahue, Brett Beardslee",The Dead Hate the Living!,1999,https://letterboxd.com/film/the-dead-hate-the-living/
Killjoy,2000,"Deep in an inner city hell, a ghastly figure is killing off the bad guys. A vigilante, or a demon? For the beautiful high school student, Jada, that's the question that will bring her face to face with the killer clown Killjoy.",Craig Ross Jr.,89 mins   More at IMDb TMDB  Report this page,Horror,"Ángel Vargas, Vera Yell, Lee Marks",Killjoy,2000,https://letterboxd.com/film/killjoy/
Prison of the Dead,2000,"Kristof, an eccentric rich kid, tricks his high school friends into getting back together for a reunion of sorts, under the pretense of a funeral. The group of twenty-somethings is forced to spend the night in an old abandoned witches' prison. During a Ouija Board séance, the schoolmates accidentally unearth three dead executioners from their graves. A little confused, and quite a bit angry, the Crypt Keepers initiate a killing spree that will only end when everyone is dead. Fortunately, the schoolmates all wore black. Too bad it's for their own funerals...",David DeCoteau,73 mins   More at IMDb TMDB  Report this page,Horror,"Patrick Flood, Jeff Peterson, Sam Page",Prison of the Dead,2000,https://letterboxd.com/film/prison-of-the-dead/
Sideshow,2000,"While visiting a traveling carnival full of human freaks, high school students nearly join as permanent members.",Fred Olen Ray,74 mins   More at IMDb TMDB  Report this page,Horror,"Phil Fondacaro, Jamie Martz, Jessica Keenan",Sideshow,2000,https://letterboxd.com/film/sideshow/
Voodoo Academy,2000,"Young Christopher has just enrolled at the prestigious Carmichael Bible College, managed by the somewhat unusual Mrs. Bouvier. After some unexplained disappearances, Christopher does some exploring and discovers that Mrs. Bouvier and the Reverend Carmichael have some very unwholesome intentions for the young men of their school. Will Christopher graduate with his body and soul intact?",David DeCoteau,92 mins   More at IMDb TMDB  Report this page,"Fantasy, Horror, Thriller","Riley Smith, Huntley Ritter, Kevin Calisher",Voodoo Academy,2000,https://letterboxd.com/film/voodoo-academy/
Witchouse II: Blood Coven,1999,"When an old house in a small town is razed to make way for a shopping mall, the crew unearths four unmarked graves. A professor from a nearby university is asked to find out who the bodies are, but when she and her students arrive in town and begin to ask questions, they discover that no one wants to talk to them or help them in any way.",J.R. Bookwalter,77 mins   More at IMDb TMDB  Report this page,Horror,"Ariauna Albright, Andrew Prine, Elizabeth Hobgood",Witchouse II: Blood Coven,1999,https://letterboxd.com/film/witchouse-ii-blood-coven/
Witchouse III: Demon Fire,2001,"A young woman leaves her abusive boyfriend to go and stay with her two best friends, documentary makers Stevie & Rose. After an evening of sipping wine in the hot-tub, the three women decide to dabble in a bit of black magic as part of Stevie's latest project, an in-depth expose on contemporary witchcraft.",J.R. Bookwalter,77 mins   More at IMDb TMDB  Report this page,Horror,"Debbie Rochon, Tanya Dempsey, Tina Krause",Witchouse III: Demon Fire,2001,https://letterboxd.com/film/witchouse-iii-demon-fire/
Demonicus,2001,"On a hiking trip in the Italian Alps, James discovers an ancient burial cave filled with gladiator artefacts. He becomes possessed by the spirit of Tyranus, a demon gladiator, and goes on a killing spree to revive the true spirit of Demonicus. A professor, Gina, and her students are to be the sacrifices to the demon Tyranus. Can they outwit Demonicus before becoming offerings to the evil god?",Jay Woelfel,72 mins   More at IMDb TMDB  Report this page,"Horror, Fantasy, Science Fiction","Gregory Lee Kenyon, Venesa Talor, Brannon Gould",Demonicus,2001,https://letterboxd.com/film/demonicus/
HorrorVision,2001,"The website ""horrorvision.com"" has a mysterious secret...anyone who logs onto it winds up dead. After Dez, a web programmer, logs in his girlfriend and others are attacked. Only Dez and a mysterious man named Bradbury can stop the ominous forces intent on ruling the cyber-world.",Danny Draven,72 mins   More at IMDb TMDB  Report this page,Horror,"Len Cordova, Maggie Rose Fleck, Josh Covitt",HorrorVision,2001,https://letterboxd.com/film/horrorvision/
Vampire Resurrection,2001,"Buried deep beneath the earth for a hundred years Jonathan had to sacrifice his own soul and become a vampire in order to find his true love. Meanwhile, a beautiful young woman, Victoria, wakes from recurring dreams of a time when she was in love. It is clear that Victoria is Jonathan's true love and when they finally meet, they realize that their souls are forever intertwined. Victoria finds herself caught between her immortal love and her mortal ties. Jonathan has made the ultimate sacrifice for her - his own mortality. Will she now do the same for him?",Denice Duff,77 mins   More at IMDb TMDB  Report this page,Horror,"Denice Duff, James Horan, Jillian McWhirter",Vampire Resurrection,2001,https://letterboxd.com/film/vampire-resurrection-2001/
Groom Lake,2002,"When Kate discovers she has a terminal illness, she persuades boyfriend Andy to visit Groom Lake, a reputed hotbed of alien activity, hoping to discover proof of life beyond this terrestrial sphere. Soon, the pair crosses paths with desperate government scientists, eccentric locals and a surprising -- and inspiring --conspiracy of epic proportions.",William Shatner,92 mins   More at IMDb TMDB  Report this page,"Horror, Science Fiction","William Shatner, Dan Gauthier, Amy Acker",Groom Lake,2002,https://letterboxd.com/film/groom-lake/
Hell Asylum,2002,A desperate producer faced with unemployment has the ultimate reality television program ready to roll.,Danny Draven,72 mins   More at IMDb TMDB  Report this page,Horror,"Debra Mayer, Tanya Dempsey, Stacey Scowley",Hell Asylum,2002,https://letterboxd.com/film/hell-asylum/
Pet Shop,1994,"Disguised aliens set up a pet shop in a dusty Arizona town, hoping to lure local children with their adorable extraterrestrial critters.",Hope Perello,88 mins   More at IMDb TMDB  Report this page,"Comedy, Family, Science Fiction","Terry Kiser, Leigh Ann Orsi, Spencer Vrooman",Pet Shop,1994,https://letterboxd.com/film/pet-shop/
Jigsaw,2002,"A college class tackles a bizarre project - splitting up a mannequin, they each decorate a piece. The net result is an exquisite corpse they name 'Jigsaw'. After a night of drunken confessions, the group burns the lifeless body but their darkest secrets come back to haunt them when their brainchild rises from the ashes, targeting each of the creators for a brutal death that is in keeping with their own fears!",Don Adams,79 mins   More at IMDb TMDB  Report this page,Horror,"Barret Walz, Mia Zifkin, Aimee Bravo",Jigsaw,2002,https://letterboxd.com/film/jigsaw-2002/
Killjoy 2: Deliverance from Evil,2002,"In this sequel, two juvenile detention officers must escort a group of criminally-inclined urban kids to the country where they are being forced to renovate a shelter for teens as punishment for their crimes. After one of them is shot by a local, the survivors seek refuge in the home of a voodoo woman, where they mistakenly summon legendary clown-faced demon Killjoy who begins hunting them down one by one.",Tammi Sutton,77 mins   More at IMDb TMDB  Report this page,Horror,"Logan Alexander, Debbie Rochon, Trent Haaga",Killjoy 2: Deliverance from Evil,2002,https://letterboxd.com/film/killjoy-2-deliverance-from-evil/
Speck,2002,Gruesome true story of murderer Richard Speck who killed eight nursing students in one night in Chicago during the late sixties. The story also follows him to his prison fate and uncovers more of his strange behavior before his death.,Keith Walley,79 mins   More at IMDb TMDB  Report this page,"Horror, Mystery, Thriller, Crime","Doug Cole, Beverly Sotelo, Stacy Cunningham",Speck,2002,https://letterboxd.com/film/speck/
Trancers 6: Life After Deth,2002,"In a return to the groundbreaking original film's premise, Jack Deth is back - traveling back in time and into the body of his own daughter, Josephine, on a mission to save her life and save the world from the most lethal Trancers yet. Jack/Jo must adapt and survive being a girl while avoiding many assassination attempts by more powerful and dangerous zombie-like Trancers than he's ever faced before.",Jay Woelfel,85 mins   More at IMDb TMDB  Report this page,"Science Fiction, Horror, Action","Zette Sullivan, Jennifer Capo, Robert Donavan",Trancers 6: Life After Deth,2002,https://letterboxd.com/film/trancers-6-life-after-deth/
Bleed,2002,"A naïve young girl desperate to fit in with her new boyfriend's tightly knit crew learns that membership may be deadly. Upon arriving at a party with her new boyfriend, Shawn, desperate-to-fit-in newcomer Debbie learns that the friends have formed a mysterious brotherhood nicknamed ""The Murder Club."" As Debbie accepts her invitation to join the mysterious club, a murderer who seems to take the group's name to heart begins killing off members one by one.",Dennis Petersen,82 mins   More at IMDb TMDB  Report this page,Horror,"Debbie Rochon, Danny Wolske, Allen Nabors",Bleed,2002,https://letterboxd.com/film/bleed/
Birth Rite,2003,"On her 18th birthday, Rebecca meets a mysterious man with magical powers. Roman, the warlock, shows her how her parents were murdered and bestows upon her the Sacred Amulet that is her birth rite. As she delves into the black arts of witchcraft, her adopted sister, Erin, fights to save her soul from the evil that has possessed her. It all ends in a showdown of good and evil as Erin and Roman battle for Rebecca.",Devin Hamilton,82 mins   More at IMDb TMDB  Report this page,Horror,"Natalie Sutherland, Danny Wolske, Laura Nativo",Birth Rite,2003,https://letterboxd.com/film/birth-rite/
Dark Walker,2003,"Darkwalker centers around a haunted house amusement park near Fresno, Californa called Hobb's Grove (yes, it's a real place), where a group of teenagers get Halloween jobs working there. What they don't know is the land the attraction was built on has a bloody history. They soon realize they are in for more than just a Halloween job, when one by one they start dying off. soon they find a monsterous creature called, DARK WALKER, has risen to take vengence on the trespassing patrons.",Danny Draven,82 mins   More at IMDb TMDB  Report this page,"Horror, Science Fiction","Kathleen Taylor, Michael Sage, David DeWitt",Dark Walker,2003,https://letterboxd.com/film/dark-walker/
Mega Scorpions,2003,"Residents of a half-way house are bombarded by 6 foot long killer scorpions. A horror/comedy homage to the giant mutant bug films of the 1950's. The film was shown at the Frightvision Horror Festival in 2003, but has yet to see release on DVD, Blu-ray, or VOD.",J.R. Bookwalter,73 mins   More at IMDb TMDB  Report this page,"Comedy, Science Fiction, Action, Horror","Nicolas Read, Marcella Laasch, Sewell Whitney",Mega Scorpions,2003,https://letterboxd.com/film/mega-scorpions-2003/
Delta Delta Die!,2003,"Mother Fitch (Julie Strain) and her girls have an insatiable taste for men; their flesh that is. The Delta Delta Pi sorority girls are not only the most popular and wealthy on campus, but also the most deadly. Now, as they prepare for their 20th anniversary homecoming, a meddlesome student has enlisted the help of DDP charter member Rhonda Cooper (Brinke). Together they attempt to end the sorority's reign of culinary terror that grips the California campus.",Devin Hamilton,83 mins   More at IMDb TMDB  Report this page,"Comedy, Horror","Julie Strain, Brinke Stevens, Joe Dain",Delta Delta Die!,2003,https://letterboxd.com/film/delta-delta-die/
Puppet Master: The Legacy,2003,"A rogue agent named Maclain breaks into the lab of Eric Weiss, who has spent his entire life fascinated by Andre Toulon's supernatural ability to breathe life into his carefully crafted figurines.",Charles Band,80 mins   More at IMDb TMDB  Report this page,"Horror, Fantasy, Science Fiction","Jacob Witkin, Kate Orsini, Ian Abercrombie",Puppet Master: The Legacy,2003,https://letterboxd.com/film/puppet-master-the-legacy/
Dr. Moreau's House of Pain,2004,"In a big mansion, a scientist has been experimenting with humans and animals, mixing their DNA together.",Charles Band,72 mins   More at IMDb TMDB  Report this page,"Science Fiction, Horror","John Patrick Jordan, Jessica Lancaster, Peter Donald Badalamenti II",Dr. Moreau's House of Pain,2004,https://letterboxd.com/film/dr-moreaus-house-of-pain/
Tomb of Terror,2004,"In this horror anthology edited from older Full Moon releases, three tales of terror are told. In ""ASCENT FROM HELL"" ('Dark Angel: The Ascent') an young demon female escapes Hell and comes to Earth where she becomes the punisher of sinners. ""INFINITE EVIL"" ('The Lurking Fear') a race of cannibalistic genetic creatures live below a cemetery and hunt humans for food. In EVIL NEVER DIES ('Talisman'), the Black Angel is summoned from his resting place to bring about the end of the world. Written by Wallace Entertainment",Linda Hassani,86 mins   More at IMDb TMDB  Report this page,Horror,"Constantin Bărbulescu, Jeffrey Combs, Ashley Laurence",Tomb of Terror,2004,https://letterboxd.com/film/tomb-of-terror/
Decadent Evil,2005,A fallen foot tall Homunculus called Marvin (a part human/part reptile creature) is imprisoned in a birdcage by a vengeful lover who is bidding to become the world's most powerful vampire.,Charles Band,74 mins   More at IMDb TMDB  Report this page,Horror,"Phil Fondacaro, Debra Mayer, Daniel Lennox",Decadent Evil,2005,https://letterboxd.com/film/decadent-evil/
Horrific,2000,"This three-part anthology is nothing but shortened previous Full Moon releases directed by David 'Boxer Briefs' DeCoteau. Prison of the Dead (2000) has become ""Crypt of the Undead,"" The Killer Eye (1999) has become ""Terror of Vision"" and Totem (1999) has become ""Masters of Death.""",David DeCoteau,88 mins   More at IMDb TMDB  Report this page,Horror,"Patrick Flood, Jeff Peterson, Sam Page",Horrific,2000,https://letterboxd.com/film/horrific/
Monsters Gone Wild,2005,"Fiends of every flavor go berserk in this collection of classic clips from more than 18 monster movies. Ghouls, ogres, vampires, zombies, wizards and creatures from beyond compete for screen time in this fright-fest packed with hair-raising scenes of monsters going absolutely wild. Extras include an interview with comic book legend Jack Kirby and behind-the-scenes footage from flicks such as ""The Creeps,"" ""Vampire Journals,"" ""Shrieker"" and more.",Solomon Glitz,84 mins   More at IMDb TMDB  Report this page,"Documentary, Horror","Jeffrey Combs, Tanya Dempsey, Anders Hove",Monsters Gone Wild,2005,https://letterboxd.com/film/monsters-gone-wild/
P,2005,"An orphan girl taught magic by her sick grandma must find work in seedy Bangkok, where she encounters a number of unsavory characters. She uses the magical skills her grandmother taught her to her advantage and to increasingly horrific consequences.",Paul Spurrier,110 mins   More at IMDb TMDB  Report this page,"Drama, Horror","Suangporn Jaturaphut, Shaun Delaney, John Kathrein",P,2005,https://letterboxd.com/film/p/
Urban Evil: Trilogy of Fear,2005,"From the dark vaults of Forbidden Worlds comes a new chapter of terror in Urban Evil: A Trilogy of Fear, a collection of three contemporary stories of urban horror. In ""Demonic Tunes,"" a dynamic hip-hop group called Urban Protectors is ""discovered"" by the notorious record producer Dr. Bones, who plans to turn them into part of his zombie army and dominate the world. In ""The Killing Kind,"" 17 year-old Kwame invokes his grandmother's magic of the ""killing kind"" and puts it into her old rag doll after a group of local thugs put her in the hospital. And finally ""Hidden Evil"" explores a mysterious vault in the basement of an old abandoned high school, where there lurks an evil that has been locked away for 100 years. When they mistakenly free a horrific spirit, the school becomes a deadly prison and there is no way to escape.",Ted Nicolaou,86 mins   More at IMDb TMDB  Report this page,Horror,"Darrow Igus, Larry Bates, Sarah Scott Davis",Urban Evil: Trilogy of Fear,2005,https://letterboxd.com/film/urban-evil-trilogy-of-fear/
Aliens Gone Wild,2005,"The ships have landed and the extraterrestrials are on the rampage in this collection of the most terrifying sci-fi clips in Full Moon history. There's no place to hide from the violent onslaught of intergalactic horror, and as an army of evil aliens wreck havoc from Angel City to the desert wastelands, it's up to Jack Deth, Paul Dean, Zack Stone, and Bradbury to ensure the survival of the human race. With scenes directed by such Full Moon mainstays as Charles Band and Albert Band, and an all-star cast including Jeffrey Combs, Helen Hunt, Demi Moore, Julie Newmar, Bill Moseley, and George Takei, sci-fi fanatics are in for an out-of-this-world treat.",,90 mins   More at IMDb TMDB  Report this page,"Comedy, Science Fiction, Documentary, Horror","Tim Thomerson, Helen Hunt",Aliens Gone Wild,2005,https://letterboxd.com/film/aliens-gone-wild-2005/
Petrified,2006,"When a black market antiques deal is botched by a goon and his girlfriend, the mummified remains of an alien they were selling is revived by the blood of the murdered dealer. The blood-hungry mummy is on the run, and stumbles upon an in-patient psychiatric facility that is home to dozens of beautiful, voluptuous nymphomaniacs.",Charles Band,70 mins   More at IMDb TMDB  Report this page,Horror,"Kathryn Adams, Robert Buckley, Roark Critchlow",Petrified,2006,https://letterboxd.com/film/petrified/
Dangerous Worry Dolls,2008,While serving time in a brutal women's detention center. Eva wishes away her troubles to a set of tiny Worry Dolls. The dolls crawl in her ear at night and soon Eva becomes possessed.,Charles Band,75 mins   More at IMDb TMDB  Report this page,"Science Fiction, Horror","Jessica Morris, Meredith McClain, Paul Boukadakis",Dangerous Worry Dolls,2008,https://letterboxd.com/film/dangerous-worry-dolls/
Dead Man's Hand,2007,"After inheriting a casino from his dead uncle, Matthew Dragna, his girl friend J.J. (Robin Sydney) and a group of friends take a road trip to the outskirts of Las Vegas, where they find the run-down Mysteria Casino. But the trip takes a frightening turn when the kids discover that the casino is haunted by the ghosts of Vegas mobsters Roy ""The Word"" Donahue (Sid Haig) and his goon Gil Wachetta (Michael Berryman), looking to settle an old score. Matthew and J.J. must fight for their very souls as the ghosts seek their gruesome vengeance, and in the vein of The Shining, this horrifying tale builds to a bloody and surprising climax.",Charles Band,80 mins   More at IMDb TMDB  Report this page,Horror,"Robin Sydney, Scott Whyte, Sid Haig",Dead Man's Hand,2007,https://letterboxd.com/film/dead-mans-hand-2007/
Decadent Evil 2,2007,"Sugar the good vampire, her boyfriend Dex, and Marvin the homunculous attempt to hunt down a powerful vampire in order to resurrect Marvin's dead son.",Charles Band,82 mins   More at IMDb TMDB  Report this page,Horror,"Jill Michelle, Daniel Lennox, Ricardo Gil",Decadent Evil 2,2007,https://letterboxd.com/film/decadent-evil-2/
Deadly End,2005,"Nothing bad could ever happen on quiet, tree lined Wormwood Drive. At least that's what Bob and Wendi Petersen thought, before they met their new neighbor...",Graeme Whifler,92 mins   More at IMDb TMDB  Report this page,"Action, Thriller, Horror","Jack Huston, Pell James, Nick Searcy",Deadly End,2005,https://letterboxd.com/film/deadly-end/
Skull Heads,2009,"When an eccentric clan living in virtual isolation in an Italian castle finds their family togetherness threatened by the arrival of three mysterious strangers, they summon up some supernatural protectors to fend off the barbarian invasions.",Charles Band,78 mins   More at IMDb TMDB  Report this page,Horror,"Kim Argetsinger, Antonio Covatta, Giacomo Gonnella",Skull Heads,2009,https://letterboxd.com/film/skull-heads/
Demonic Toys: Personal Demons,2010,A group of people on a world wide search for oddities find themselves trapped in a nine hundred year old Italian castle when they accident unleash the Demonic Toys.,William Butler,81 mins   More at IMDb TMDB  Report this page,"Fantasy, Horror","Selene Luna, Michael Citriniti, Lane Compton",Demonic Toys: Personal Demons,2010,https://letterboxd.com/film/demonic-toys-personal-demons/
Killjoy 3,2010,"The demon clown Killjoy is resurrected once again, but this time he is not given the name of his victim and is trapped in his realm. Using a magic mirror he lures four unsuspecting college students into his realm where he can have his macabre fun! A mysterious man returns and we finally discover who Killjoy's true target is!",John Lechago,77 mins   More at IMDb TMDB  Report this page,Horror,"Trent Haaga, Victoria De Mare, Al Burke",Killjoy 3,2010,https://letterboxd.com/film/killjoy-3/
Puppet Master: Axis of Evil,2010,"Following the murder of Andre Toulon by Nazi assassins during the height of World War II, a young Danny Coogan finds his crate of mysterious puppets, and discovers their plan to attack a secret American manufacturing plant.",David DeCoteau,83 mins   More at IMDb TMDB  Report this page,"Horror, Fantasy, War","Levi Fiehler, Jenna Gallaher, Taylor M. Graham",Puppet Master: Axis of Evil,2010,https://letterboxd.com/film/puppet-master-axis-of-evil/
The Dead Want Women,2012,"Beginning at a stylish mansion in the roaring 1920's, a socialite, flappers, and the men who love them come to their ultimate demise. These ghosts continue to haunt the mansion throughout the decade. Now they've come back to haunt and chase after a new generation of beautiful girls. The Dead Want Women!",Charles Band,74 mins   More at IMDb TMDB  Report this page,Horror,"Jessica Morris, Ariana Madix, Eric Roberts",The Dead Want Women,2012,https://letterboxd.com/film/the-dead-want-women/
DevilDolls,2012,A true trilogy of terror! Welcome to the haunted dollhouse where 3 devilish tales of twisted horror take place. From a re-animated rag doll that seeks revenge to a child's doll graveyard where angry playthings come back to life - enter the world of Devil Dolls! Re-edited versions of: Demonic Toys / Dangerous Worry Dolls / Skullheads,Ted Nicolaou,90 mins   More at IMDb TMDB  Report this page,Horror,"Phil Fondacaro, Jennia Fredrique, Kristyn Green",DevilDolls,2012,https://letterboxd.com/film/devildolls/
Killer Eye: Halloween Haunt,2011,"When Jenna asks her four hot girlfriends to help convert an old mansion into a Halloween Haunt, they decide to party instead! Things get steamy between the girls, until they accidentally unleash the half-pint, horrible Killer Eye, a perverse party crasher from beyond. Bent on having his way, the Killer Eye will stop at nothing until he gets exactly what he wants.",Charles Band,80 mins   More at IMDb TMDB  Report this page,Horror,"Erica Rhodes, Olivia Alexander, Chelsea Edmundson",Killer Eye: Halloween Haunt,2011,https://letterboxd.com/film/killer-eye-halloween-haunt/
Killjoy Goes to Hell,2012,"Killjoy is back in the fourth installment of the demonic clown series. This time Killjoy is being accused of not being evil, since he let one of his victims(Sandie) get away. Killjoy must rely on his only chance of proving how evil he really is... get Sandie into hell as his witness.",John Lechago,90 mins   More at IMDb TMDB  Report this page,Horror,"Trent Haaga, Victoria De Mare, Al Burke",Killjoy Goes to Hell,2012,https://letterboxd.com/film/killjoy-goes-to-hell/
Puppet Master X: Axis Rising,2012,"After foiling a plan to blow up an American arms plant, Danny and Beth quickly find that one of Toulon's puppets has been kidnapped by the Nazis, and his life-giving serum has been synthesized to create a master race of unstoppable soldiers.",Charles Band,88 mins   More at IMDb TMDB  Report this page,"Horror, War, Science Fiction","Kip Canyon, Jean Louise O'Sullivan, Oto Brezina",Puppet Master X: Axis Rising,2012,https://letterboxd.com/film/puppet-master-x-axis-rising/
Puppet Master: Axis Termination,2017,"To stop the Third Reich and the Nazi war machine from winning World War II and affecting the outcome of the free world, Toulon's indestructible puppets join forces with the masters of psychic powers.",Charles Band,75 mins   More at IMDb TMDB  Report this page,"Horror, War, Fantasy","George Appleby, Tonya Kay, Paul Logan",Puppet Master: Axis Termination,2017,https://letterboxd.com/film/puppet-master-axis-termination/
Unlucky Charms,2013,"Five beautiful girls vie for a chance to become the spokesmodel for diva DeeDee DeVille's new high-end line of lingerie. The claws come out when the competition gets fierce, but when they begin to disappear one by one, they soon find that they are competing for their lives...",Charles Band,70 mins   More at IMDb TMDB  Report this page,"Horror, Fantasy","Nikki Leigh, Masuimi Max, Anna Sophia Berglund",Unlucky Charms,2013,https://letterboxd.com/film/unlucky-charms/
The Dead Reborn,2013,"Horror - From biochemical virus outbreaks to bizarre occult rituals, the dead have risen to walk the Earth once more. In these three chilling tales of the living dead, no one is safe: Can you withstand the heart-pumping horror of The Dead Reborn?",David DeCoteau,101 mins   More at IMDb TMDB  Report this page,Horror,"Eric Clawson, Jamie Donahue, Matt Stephens",The Dead Reborn,2013,https://letterboxd.com/film/the-dead-reborn/
Trophy Heads,2014,An obsessed fan and his mother kidnap former 'scream queens' and force them to reenact their famous film roles...with deadly results.,Charles Band,87 mins   More at IMDb TMDB  Report this page,"Horror, Comedy","Linnea Quigley, Brinke Stevens, Michelle Bauer",Trophy Heads,2014,https://letterboxd.com/film/trophy-heads/
Killjoy's Psycho Circus,2016,"Killjoy, the demon of vengeance, trickster god and killer clown has finally made it to Earth! Along with his gruesome crew Freakshow, Punchy and the sexy/psychotic Batty Boop, Killjoy is free to terrorize mortals in new and excruciating ways.",John Lechago,87 mins   More at IMDb TMDB  Report this page,"Comedy, Science Fiction, Horror","Trent Haaga, Victoria De Mare, Al Burke",Killjoy's Psycho Circus,2016,https://letterboxd.com/film/killjoys-psycho-circus/
Ravenwolf Towers,2016,"The legendary Ravenwolf Towers, once home to Hollywood’s Elite, has fallen on hard times. Now the latest Assistant Manager is discovering the Hotel's terrifying secrets; secrets that hide in the shadows of its dark corridors and lurk behind its locked doors--Mad Doctors, Degenerate Monstrosities, Inbred Horrors, Terrified Guests who disappear without a trace -- and an Alluring Damsel in Distress – why may just be the most terrifying resident of -- the Ravenwolf Towers.",Charles Band,79 mins   More at IMDb TMDB  Report this page,Horror,"Shiloh Creveling, Evan Henderson, Maria Olsen",Ravenwolf Towers,2016,https://letterboxd.com/film/ravenwolf-towers/
Weedjies! Halloweed Night,2019,"When a midnight scavenger hunt for a rare bud of weed brings a group of party-hungry stoners to a haunted hotel, they open a portal and unleash a group of ghastly hysterical creatures that has only one mission: party ‘till you die.",Danny Draven,76 mins   More at IMDb TMDB  Report this page,"Comedy, Horror","Victoria Strange, Jonathan Charles, Brett Hargrave",Weedjies! Halloweed Night,2019,https://letterboxd.com/film/weedjies-halloweed-night/
Necropolis,1986,"A reincarnated ""Satanic Witch"" from New Amsterdam, circa 1600's comes back to revive her cult members by sucking the life force out of people.",Bruce Hickey,77 mins   More at IMDb TMDB  Report this page,Horror,"LeeAnne Baker, Jacquie Fitz, Michael Conte",Necropolis,1986,https://letterboxd.com/film/necropolis/
Necropolis: Legion,2019,"The tale of satanic vampire sorceress Eva, whose sexually-charged midnight rituals are interrupted when God-fearing local villagers burst into her lair and murder her. A century later, motorcycle-riding writer Lisa moves into the same cabin where Eva was executed, with the intent to write a book about the supposedly haunted spot's history. Soon, Lisa is having vivid, perverse dreams and slowly, surely, Eva begins taking over the young woman, using her body as a vessel to commit even more atrocities in the name of resurrecting an ancient monster from the underworld.",Chris Alexander,61 mins   More at IMDb TMDB  Report this page,Horror,"Augie Duke, Ali Chappell, Lynn Lowry",Necropolis: Legion,2019,https://letterboxd.com/film/necropolis-legion/
Corona Zombies,2020,"Ditsy damsels in distress, toilet paper famine, inept world leaders, mass-media gone wild, a virus from Hell and hordes of ghouls hungry for human flesh combine in Full Moon's maniacal horror comedy hybrid CORONA ZOMBIES!",Charles Band,61 mins   More at IMDb TMDB  Report this page,"Comedy, Horror","Cody Renee Cameron, Robin Sydney, Russell Coker",Corona Zombies,2020,https://letterboxd.com/film/corona-zombies/
Barbie & Kendra Save the Tiger King,2020,"After narrowly escaping the contagious catastrophe of the Corona Zombies, ditsy American beauties Barbie and Kendra battle their deadliest foe yet: social distancing boredom. Hooked on binge-watching a television show about a man and his tigers on a nature channel, the two ladies hatch the perfect plan to save the Tiger King himself. From the living rooms of LA to the wilds of Africa, our dynamic duo embark on a curve-flattening journey to free Joe from a fate worse than Carole Baskin.",Charles Band,72 mins   More at IMDb TMDB  Report this page,"Horror, Comedy","Cody Renee Cameron, Robin Sydney, Leslie Jordan",Barbie & Kendra Save the Tiger King,2020,https://letterboxd.com/film/barbie-kendra-save-the-tiger-king/
Barbie & Kendra Storm Area 51,2020,"First they fought the Corona Zombies. Then they Saved the Tiger King. Now sexy LA airheads Barbie & Kendra bring their ditsy brand of quarantine quirk on an adventure that's truly out of this world! Full Moon's notorious ""coronaverse"" expands anew in BARBIE & KENDRA STORM AREA 51, the third (but not final!) movie in the world's only quarantine set and shot film franchise. Get ready for a heady dose of pandemic panic as the dynamic duo (played once more by Cody Renee Cameron and Robin Sydney) turn on the TV and get tuned into a viral saga that takes them deep into the forbidden fortress of Area 51 and beyond! Combining insanely funny new footage with hilariously re-dubbed retro sci-fi cinema awesomeness, BARBIE & KENDRA STORM AREA 51 is the wackiest ""coronasploitation"" comedy yet!",Charles Band,49 mins   More at IMDb TMDB  Report this page,"Comedy, Science Fiction","Cody Renee Cameron, Robin Sydney, Jill Bartlett",Barbie & Kendra Storm Area 51,2020,https://letterboxd.com/film/barbie-kendra-storm-area-51/
Blade: The Iron Cross,2020,"When the malevolent Dr. Hauser, the Third Reich's maddest scientist, rises again with murder and mayhem on his mind, psychic journalist Elisa Ivanov awakens her own angel of death in Blade.",John Lechago,70 mins   More at IMDb TMDB  Report this page,"Science Fiction, War, Horror","Tania Fox, Vincent Cusimano, Roy Abramsohn",Blade: The Iron Cross,2020,https://letterboxd.com/film/blade-the-iron-cross/
The Resonator: Miskatonic U,2021,"Visionary Miskatonic University student Crawford Tillinghast follows in his late father's footsteps and becomes obsessed with completing work on the Resonator, an inter-dimensional device that opens doorways to other worlds.",William Butler,69 mins   More at IMDb TMDB  Report this page,"Horror, Science Fiction","Alex Keener, Dane Oliver, Christina Hélène Braa",The Resonator: Miskatonic U,2021,https://letterboxd.com/film/the-resonator-miskatonic-u/
The Gingerweed Man,2021,"The Gingerweed Man runs a successful dispensary delivery service, catering to a wide array of wacky clientele. But when he gets charged with protecting little Baby Buddy, a mysterious super strain weed dude that is wanted by every bad vibe in the city, mad misadventures follow. A riotous new comedy adventure offshoot from Full Moon's hugely popular EVIL BONG franchise.",Brooks Davis,49 mins   More at IMDb TMDB  Report this page,Comedy,"Eli Jane, Johanna Rae, Alan Maxson",The Gingerweed Man,2021,https://letterboxd.com/film/the-gingerweed-man/
Prehysteria!,1993,A young boy and his family embark on a series of adventures when the boy finds some mysterious eggs which hatch to reveal a brood of baby dinosaurs.,Albert Band,84 mins   More at IMDb TMDB  Report this page,"Comedy, Family, Drama, Fantasy","Brett Cullen, Colleen Morris, Samantha Mills",Prehysteria!,1993,https://letterboxd.com/film/prehysteria/
Remote,1993,"When 13-year-old Randy is forced to stash his remote control toys in a model home, he stumbles across the hideout of three prison escapees. With the use of his remote control toys, Randy manages to apprehend the three fugitives.",Ted Nicolaou,80 mins   More at IMDb TMDB  Report this page,"Adventure, Comedy","Chris Carrara, Jessica Bowman, John Diehl",Remote,1993,https://letterboxd.com/film/remote/
Beanstalk,1994,"A young boy finds a crate of green beans. When they're planted, they grow a beanstalk to the clouds, where a castle of giants are habited.",Michael Davis,80 mins   More at IMDb TMDB  Report this page,"Comedy, Family, Fantasy","J.D. Daniels, Amy Stoch, Patrick Renna",Beanstalk,1994,https://letterboxd.com/film/beanstalk/
Dragonworld,1994,A young man must risk his life to save his fire-breathing friend from the unscrupulous owner of an amusement park.,Ted Nicolaou,86 mins   More at IMDb TMDB  Report this page,"Fantasy, Adventure","Courtland Mead, Janet Henfrey, Andrew Keir",Dragonworld,1994,https://letterboxd.com/film/dragonworld/
Prehysteria! 2,1994,"A rich boy desperate for attention makes friends with the dinosaurs of ""Prehysteria!"". Prehysteria! 2",Albert Band,82 mins   More at IMDb TMDB  Report this page,"Family, Comedy","Kevin Connors, Jennifer Harte, Dean Scofield",Prehysteria! 2,1994,https://letterboxd.com/film/prehysteria-2/
Prehysteria! 3,1995,The dinosaurs help young Ella and her family save their mini-putt business.,David DeCoteau,84 mins   More at IMDb TMDB  Report this page,"Drama, Science Fiction, Fantasy, Family, Comedy","Whitney Anderson, Matthew Bartilson, Owen Bush",Prehysteria! 3,1995,https://letterboxd.com/film/prehysteria-3/
Josh Kirby... Time Warrior: Planet of the Dino-Knights,1995,"Josh Kirby Time Warrior Chapter 1 Planet of the Dino-Knights: In the 25th century mankind has found a device capable of destroying the universe. Irwin 1138 separates the Nullifier into 6 pieces which he scatters throughout time. When the evil Dr. Zoetrope goes after the pieces, Irwin 1138 must try to stop him, with the help of a 20th century teenager, Josh Kirby, and a half-human warrior named Azabeth Siege. The race is on.",Ernest D. Farino,88 mins   More at IMDb TMDB  Report this page,"Family, Adventure, Science Fiction","Corbin Allred, Jennifer Burns, Derek Webster",Josh Kirby... Time Warrior: Planet of the Dino-Knights,1995,https://letterboxd.com/film/josh-kirby-time-warrior-planet-of-the-dino-knights/
Josh Kirby... Time Warrior: The Human Pets,1995,"In this light-hearted sci-fi adventure, the title teen and his fellow time travellers find themselves marooned on a weird planet held captive by huge alien creatures. ~ Sandra Brennan, Rovi",Frank Arnold,91 mins   More at IMDb TMDB  Report this page,"Adventure, Family, Action","Corbin Allred, Johnny Green",Josh Kirby... Time Warrior: The Human Pets,1995,https://letterboxd.com/film/josh-kirby-time-warrior-the-human-pets/
Josh Kirby... Time Warrior: Trapped on Toyworld,1995,"For Josh Kirby, time is one big banana peel. Just as he's whooshing safely into hypertime, he takes a cosmic header and ends u in a bizarre place called Toyworld. The odds against Josh being relocated by his far-off crew: exactly 5,487,603 to 1. The odds that pursuing mad metalhead Dr. Zoetrope will find him are... Sorry, Josh, it's a slam dunk. But Josh has allies. The lifelike toy creations of fuddy-duddy tinkerer rally to his cause.",Frank Arnold,88 mins   More at IMDb TMDB  Report this page,"Action, Adventure, Science Fiction","Corbin Allred, Jennifer Burns, Derek Webster",Josh Kirby... Time Warrior: Trapped on Toyworld,1995,https://letterboxd.com/film/josh-kirby-time-warrior-trapped-on-toyworld/
Josh Kirby... Time Warrior: Eggs from 70 Million B.C.,1995,"Josh and his pals get into deep trouble after they discover some weird worms with voracious, insatiable appetites.",Mark S. Manos,89 mins   More at IMDb TMDB  Report this page,Family,Corbin Allred,Josh Kirby... Time Warrior: Eggs from 70 Million B.C.,1995,https://letterboxd.com/film/josh-kirby-time-warrior-eggs-from-70-million-bc/
Leapin' Leprechauns,1995,A man tries to build a theme park on top of land that's secretly the home to friendly Leprechauns.,Ted Nicolaou,84 mins   More at IMDb TMDB  Report this page,"Fantasy, Family","John Bluthal, Grant Cramer, Godfrey James",Leapin' Leprechauns,1995,https://letterboxd.com/film/leapin-leprechauns/
Magic Island,1995,"Jack Carlisle is a disillusioned 13-year old boy. His mother is always away at work since his father left. He decides to run away, as his mom won't miss him. As he is ready to leave, his nanny, convinces him to read this 'magic book'. The book is about a pirate adventure on Magic Island. As Jack reads the book, he is sucked into the world and goes on numerous adventures with Prince Morgan, while fleeing the evil Blackbeard the Pirate. He is even saved by Lily, a beautiful mermaid, whom he falls in love with.",Sam Irvin,88 mins   More at IMDb TMDB  Report this page,"Adventure, Family","Zachery Ty Bryan, Andrew Divoff, Edward Kerr",Magic Island,1995,https://letterboxd.com/film/magic-island/
Josh Kirby... Time Warrior: Journey to the Magic Cavern,1996,"Josh and his pals, after saving many mixed up, time-twisted worlds now find themselves in the center of the earth, in a cavern full of mushroom people. They call themselves the 'Shrooms, and Azabeth, mistakes them for a delicious treat from her planet and takes a huge bite out of one of the taller 'Shrooms, which poisons her, leaving her in a weak and disoriented state. Now it is up to Josh, Irwin, Prism, and new friend Porcini, the Italian 'Shroom, to find the cure to the mushroom disease and save Azabeth from certain death. The journey won't be easy, however, because they will face many challenges within the deep, dark caverns. Nightmare Hollow, which is off-limits to all of the 'Shrooms, is an especially dangerous part of the caverns, and just exactly where our lovable heroes must journey to. It is there that they will learn of the history of time itself and confront the most frightening foe yet...the Muncher!",Ernest D. Farino,91 mins   More at IMDb TMDB  Report this page,"Family, Science Fiction","Corbin Allred, Lomax Study",Josh Kirby... Time Warrior: Journey to the Magic Cavern,1996,https://letterboxd.com/film/josh-kirby-time-warrior-journey-to-the-magic-cavern/
Josh Kirby... Time Warrior: Last Battle for the Universe,1996,"In the sixth Josh Kirby adventure, typical American teenager Josh Kirby (Corbin Allred) is once again thrust from the 20th century into the future, where he finds himself trying to save Earth from total destruction as he comes into contact with a race of mushroom people.",Frank Arnold,105 mins   More at IMDb TMDB  Report this page,"Action, Fantasy, Science Fiction, Adventure, Family","Corbin Allred, Jennifer Burns, Derek Webster",Josh Kirby... Time Warrior: Last Battle for the Universe,1996,https://letterboxd.com/film/josh-kirby-time-warrior-last-battle-for-the-universe/
Magic in the Mirror,1996,"A little girl's imaginary friends come to life when she goes through her great-grandmother's antique mirror, a la Alice, after she sees it glowing.",Ted Nicolaou,85 mins   More at IMDb TMDB  Report this page,"Fantasy, Comedy, Adventure, Family","Jamie Renée Smith, Kevin Wixted, Saxon Trainor",Magic in the Mirror,1996,https://letterboxd.com/film/magic-in-the-mirror/
Magic in the Mirror: Fowl Play,1997,"Dr Tuttle uses the Doppelganger to breach a mirror, letting Dragora, Dabble and Swanson into the people world. Dragora uses this opportunity to get revenge on Mary Margaret, by way of having her over for tea.",Ted Nicolaou,89 mins   More at IMDb TMDB  Report this page,"Fantasy, Family, Adventure","Jamie Renée Smith, Kevin Wixted, Saxon Trainor",Magic in the Mirror: Fowl Play,1997,https://letterboxd.com/film/magic-in-the-mirror-fowl-play/
Spellbreaker: Secret of the Leprechauns,1996,"Fairyhill Ireland is a place filled with mysteries and legends,Leprechauns and Magic. And for an American Kid like Mike Dennehy, it's a world of wonderous adventure. Vacationing in Fairyhill for the summer, Mike makes friends with a fascinating group of rather unlucky leprechaunsby Nula, Queen of the Dead - an unbelievably beautiful and sinister witch. can the Queen destroy centuries of Leprechaun power? Will evil triumph? Gather up your lucky charms(you'll need them!) and get ready for Spellbreaker, the adventure of Mike's lifetime... and yours!",Ted Nicolaou,85 mins   More at IMDb TMDB  Report this page,"Family, Fantasy","Gregory Smith, Madeleine Potter, Godfrey James",Spellbreaker: Secret of the Leprechauns,1996,https://letterboxd.com/film/spellbreaker-secret-of-the-leprechauns/
Goobers!,1997,"Tommy has just joined the cast of the top-rated kids' show, ""Captain Mike's Mystery Monsters,"" and is anxious to find out just how the special effects crew gets the monsters to work. Imagine his surprise when he discovers they're not special effects at all! Adding to the situation, the monsters' original owner, evil Queen Mara, has returned to Earth to reclaim her property and take revenge on Captain Mike for stealing them.",Charles Band,81 mins   More at IMDb TMDB  Report this page,"Fantasy, Family, Science Fiction","Ashley Tesoro, Tim Redwine, Sam Zeller",Goobers!,1997,https://letterboxd.com/film/goobers/
Johnny Mysto: Boy Wizard,1997,"In this light-hearted fantasy, a talented young magician stumbles across an unusual ring and ends up in Camelot before King Arthur. It turns out the ring belongs to none other than Merlin.",Jeff Burr,90 mins   More at IMDb TMDB  Report this page,"Family, Fantasy","Lane Toran, Russ Tamblyn, Michael Ansara",Johnny Mysto: Boy Wizard,1997,https://letterboxd.com/film/johnny-mysto-boy-wizard/
The Secret Kingdom,1998,"Three kids discover a tiny kingdom beneath their kitchen sink and are drawn inside, becoming involved with the miniature world's civil war.",David Schmoeller,90 mins   More at IMDb TMDB  Report this page,"Family, Fantasy, Adventure","Billy O'Sullivan, Tricia Dickson, Andrew Ducote",The Secret Kingdom,1998,https://letterboxd.com/film/the-secret-kingdom/
The Shrunken City,1998,Two teenaged kids discover a miniature bottled city buried beneath a construction site. They must protect the tiny civilization within from reptilian alien hunters after its everlasting power supply.,Ted Nicolaou,79 mins   More at IMDb TMDB  Report this page,"Family, Science Fiction","Michael Malota, Agnes Bruckner, Jules Mandel",The Shrunken City,1998,https://letterboxd.com/film/the-shrunken-city/
Clockmaker,1998,"Fourteen-year-old Henry and his friends are about to change history. Sneaking into the apartment of an eccentric Clockmaker, the kids discover that the old man controls time for the entire world through an incredible array of magnificent timepieces and weird machines. When one of the curious kids accidentally pushes a wrong button and gets launched back in time, the space-time continuum is severely disrupted. As everything begins to change around them, the young adventurers must travel back in time to save their friend...and the future",Christopher Coppola,90 mins   More at IMDb TMDB  Report this page,"Adventure, Science Fiction","Anthony Medwetz, Katie Johnston, Zachary McLemore",Clockmaker,1998,https://letterboxd.com/film/clockmaker/
Search for the Jewel of Polaris: Mysterious Museum,1999,"While visiting a museum, two siblings Ben and Kim a fierce electrical storm creates a passage between the real world and worlds within the paintings. They are magically whisked through time to the 1600's and find they must square off against a wicked magician and also locate a valuable jewel in order to return to the present day.",David Schmoeller,91 mins   More at IMDb TMDB  Report this page,"Family, Fantasy","A.J. Trauth, Brianna Brown, Megan Lusk",Search for the Jewel of Polaris: Mysterious Museum,1999,https://letterboxd.com/film/search-for-the-jewel-of-polaris-mysterious-museum/
Phantom Town,1999,"When a sixteen year-old boy and his two young siblings set off on a quest to find their missing parents, their search leads them to a ghost town in the middle of the desert. They soon discover that this is no ordinary tourist spot. In fact, according to the maps, it doesn't exist at all! Finding their way into this mysterious place, the kids must confront the sinister force that dwells beneath it in order to rescue their parents - and save themselves.",Jeff Burr,90 mins   More at IMDb TMDB  Report this page,"Family, Horror, Western","John Patrick White, Taylor Locke, Lauren Summers",Phantom Town,1999,https://letterboxd.com/film/phantom-town/
"Aliens in the Wild, Wild West",1999,"When a UFO crash lands nearby, it's up to a couple of kids to save the aliens from the local townspeople.",George Erschbamer,90 mins   More at IMDb TMDB  Report this page,"Western, Action, Science Fiction","Taylor Locke, Carly Pope, Barna Moricz","Aliens in the Wild, Wild West",1999,https://letterboxd.com/film/aliens-in-the-wild-wild-west/
Shapeshifter,1999,Alex Brown inherits the awesome task of saving his ex-secret agent parents and protecting the planet from evil powers bent on controlling the world's plutonium supply. To do this Alex uses his new found magical shapeshifting power.,Philippe Browning,90 mins   More at IMDb TMDB  Report this page,"Family, Fantasy, Thriller","Paul Alexander Nolan, Bill MacDonald, Catherine Blythe",Shapeshifter,1999,https://letterboxd.com/film/shapeshifter/
Teenage Space Vampires,1999,"Bill, a high school student and avid horror movie fan, witnesses a UFO flying over his town. When the ship lands the next day, Bill and a team from SETI discover that the alien is a strange vampire creature who wants to cast the Earth into darkness so that he and his people can colonize it for themselves. Will Bill and the others be able to keep the Sun shining?",Martin Wood,90 mins   More at IMDb TMDB  Report this page,"Comedy, Science Fiction, Horror","Robin Dunne, Mac Fyfe, Lindy Booth",Teenage Space Vampires,1999,https://letterboxd.com/film/teenage-space-vampires/
Planet Patrol,1999,"The Planet Patrol Team, four teens dedicated to protecting the innocent citizens of the universe from evil intergalactic forces, face the battle of a lifetime as they confront LORD DOOM and his horrible minions. After Doom selects Earth as home for his repulsive collection of deadly creatures, the Team swings into action, fighting off a dinosaur skeleton, a “killer monster” and finally a gigantic savage robot, in a valiant effort to defend the galaxy and its inhabitants. Though thoroughly overmatched by Doom, the Team utilizes skill, luck and uncanny quickness to tackle the formidable war machine in a battle to the death.",Russ Mazzolla,72 mins   More at IMDb TMDB  Report this page,"Family, Science Fiction","Matt Corboy, Peter Dillard, Anthony Furlong",Planet Patrol,1999,https://letterboxd.com/film/planet-patrol/
Teen Sorcery,1999,"Dawn, the new girl in school, discovers that her classmate Mercedes is actually a witch and must do everything she can to stop her from using her powers for evil. She is soon plunged into a life and death battle against an evil spirit, a sleeping spell and an angry dragon..",Victoria Muspratt,90 mins   More at IMDb TMDB  Report this page,"Comedy, Fantasy, Family","A. J. Cook, Craig Olejnik, Lexa Doig",Teen Sorcery,1999,https://letterboxd.com/film/teen-sorcery/
Teen Knight,1998,"A young teenager wins a contest for a ""Medieval Adventure"" from a soda company. The winners, plus a film crew from the soda company arrive at the castle for the adventure. During the night, a spell cast over 600 years prior brings the castle and all the people in it back to 1383. The evil Lord Raykin plans on retrying to take the castle. It is up to the group to stop him, and thereby return to the 20th century. They enlist the help of the former court magician, Percival, to help them.",Phil Comeau,82 mins   More at IMDb TMDB  Report this page,"Family, Fantasy, Adventure","Kris Lemche, Caterina Scorsone, Benjamin Plener",Teen Knight,1998,https://letterboxd.com/film/teen-knight/
The Excalibur Kid,1999,"Zack doesn't have your ordinary adolescent problems. Transported back in time to medieval England, he lands in the middle of a vicious battle between an evil witch and Merlin, the master sorcerer, for control of Arthur's kingdom. It's up to Zack to help Merlin and Arthur reclaim the magic sword Excalibur and return Arthur to his rightful place on the throne.",James Head,88 mins   More at IMDb TMDB  Report this page,"Fantasy, Adventure","Jason McSkimming, François Klanfer, Mac Fyfe",The Excalibur Kid,1999,https://letterboxd.com/film/the-excalibur-kid/
Task Force 2001,2000,"When a high school student is abducted by agents who work for a video game company, the government assembles a team of her friends to lead a mission to rescue her. The pals pose as game testers to infiltrate corporate headquarters, where they discover the sinister secret behind the company's next game.",Robert Hayes,80 mins   More at IMDb TMDB  Report this page,"Science Fiction, Family, Action","Jeff Peterson, Holly Towne, Thad Luckinbill",Task Force 2001,2000,https://letterboxd.com/film/task-force-2001/
Beach Babes from Beyond,1993,"When smokeshow space teens Xena, Sola, and Luna steal Xena's dad's spaceship for an illicit joyride, they run out of gas and come crashing to Earth. There, they meet Dave and Jerry, two equally horny Earth dudes who are good to go and endless scenes of hot, silly, and sultry sex ensue. But when Dave's easy going Uncle Bud is targeted for eviction from his ramshackle beach house, the hormonal honeys must put their libidos aside and enter a bikini contest, the prize money of which will save the day.",David DeCoteau,75 mins   More at IMDb TMDB  Report this page,"Comedy, Science Fiction","Joe Estevez, Don Swayze, Joey Travolta",Beach Babes from Beyond,1993,https://letterboxd.com/film/beach-babes-from-beyond/
Beach Babes 2: Cave Girl Island,1995,"The Beach Babes are back... and better than ever! Attempting to return to their home planet, Xena, once again, crash lands the T-Bird ship - this time on a primitive island full of naughty nubile natives. Chased by rampaging dinosaurs and pursued by the evil megalomaniac, James T. Renford II, and his wise-cracking sidekick, Gund, the stranded space sirens have the island rockin'. In an effort to help out the hot heroines, one of the girl's pumped-up playmates rewires Renford's computers which accidentally sets off a chain reaction that will cause the island to explode in an ultimate cosmic climax!",David DeCoteau,76 mins   More at IMDb TMDB  Report this page,Science Fiction,"Roxanne Blaze, Tina Lawrence, Stephanie Hudson",Beach Babes 2: Cave Girl Island,1995,https://letterboxd.com/film/beach-babes-2-cave-girl-island/
Test Tube Teens from the Year 2000,1994,"In the future, corporations have taken over the world and banned sex. A group of rebellious high school students devise a way to go back in time to the present day and try change history to prevent that from happening.",David DeCoteau,80 mins   More at IMDb TMDB  Report this page,"Comedy, Science Fiction, Drama","Morgan Fairchild, Ian Abercrombie, Brian Bremer",Test Tube Teens from the Year 2000,1994,https://letterboxd.com/film/test-tube-teens-from-the-year-2000/
Blonde Heaven,1995,"A coven of vampires operates out of a modeling/escort agency known as Blonde Heaven. Angie came from Oklahoma to find her way into the movie business, but is followed by her boyfriend Kyle. Head vamp Illyana takes a liking to Angie and convinces her to do escort work for the agency, but has other recruiting plans for her as well. While the vampires do their sleazy work around LA (and Angie gets in over her head), Kyle and a vampire hunter team up to try and stop the fiends.",David DeCoteau,80 mins   More at IMDb TMDB  Report this page,"Thriller, Horror","Julie Strain, Raelyn Saalman, Michelle Bauer",Blonde Heaven,1995,https://letterboxd.com/film/blonde-heaven/
Huntress: Spirit of the Night,1995,An architect discovers the animal inside her after she falls prey to an ancient curse on a visit to her Welsh homeland.,Mark S. Manos,86 mins   More at IMDb TMDB  Report this page,Horror,"Jenna Bodnar, Michael Wiseman, Charles Cooper",Huntress: Spirit of the Night,1995,https://letterboxd.com/film/huntress-spirit-of-the-night/
Lurid Tales: The Castle Queen,1997,A modern young man takes a virtual reality trip back to 17th-century England where men were men and women were readily available.,David DeCoteau,83 mins   More at IMDb TMDB  Report this page,"Horror, Fantasy, Drama","Shannon Dow Smith, Kim Dawson, Cristi Harris",Lurid Tales: The Castle Queen,1997,https://letterboxd.com/film/lurid-tales-the-castle-queen/
Zarkorr! The Invader,1996,"An ""average"" postal worker is informed by a tiny alien hologram which looks like a teenage girl that he is the ""choosen one"" to destroy a giant reptile to save the Earth.",Michael Deak,80 mins   More at IMDb TMDB  Report this page,Science Fiction,"Franklin A. Vallette, Don Yanan, Peter Looney",Zarkorr! The Invader,1996,https://letterboxd.com/film/zarkorr-the-invader/
Kraa! The Sea Monster,1998,"Lord Doom, evil master of Proyas, the Dark Planet, sends Kraa the Sea Monster to Earth as part of his plan to dominate the galaxy. To keep the meddling hands of the Planet Patrol out of his scheme, he incapacitates their nearby space station. Fortunately, the alien agent Mogyar is on hand to land on Earth to stop the giant sea-beast. Accidentally landing in New Jersey rather than Italy (where scientists could have helped Mogyar build a weapon to stop Kraa), Mogyar must overcome his stereotypical Italian accent and strange appearance in order to ally with nearby humans to save the day.",Aaron Osborne,69 mins   More at IMDb TMDB  Report this page,"Action, Science Fiction","Michael Guerin, Jerry Lentz, Jon Simanton",Kraa! The Sea Monster,1998,https://letterboxd.com/film/kraa-the-sea-monster/
Frankenstein Reborn!,1998,"Thirteen-year-old Anna is intrigued by the secret experiments of her eccentric uncle Victor, but her curiosity soon turns to total terror when she's confronted by Uncle Victor's latest creation - a hideous-looking monster with the soul of a man, stitched together and reanimated from the bodies of the dead.",David DeCoteau,46 mins   More at IMDb TMDB  Report this page,"Action, Horror","Jaason Simmons, Ben Gould, Haven Burton Paschall",Frankenstein Reborn!,1998,https://letterboxd.com/film/frankenstein-reborn/
The Werewolf Reborn!,1998,"Fourteen-year-old Eleanor Crane goes to visit her uncle Peter in a remote Eastern European village, and receives an unexpectedly cold welcome from the villagers, who are plagued by a deadly curse - and from her uncle, who hides a deadly secret of his own.",Jeff Burr,48 mins   More at IMDb TMDB  Report this page,"Action, Horror, Fantasy","Robin Atkin Downes, Ashley Tesoro, Len Lesser",The Werewolf Reborn!,1998,https://letterboxd.com/film/the-werewolf-reborn/
Ragdoll,1999,A teenaged rapper uses his Gran's magic powders to help him in his revenge against those who put her in the hospital.,Ted Nicolaou,78 mins   More at IMDb TMDB  Report this page,"Fantasy, Horror","Russell Richardson, Jennia Fredrique, William Stanford Davis",Ragdoll,1999,https://letterboxd.com/film/ragdoll/
The Horrible Doctor Bones,2000,"In this hip-hop slanted horror opus, a group of struggling rap musicians think they've gotten their big break when they're tapped to record with star-making producer Dr. Bones. But the rappers soon learn that Dr. Bones has more than music on his mind; he's using their music to turn listeners into zombies -- and then force his willing slaves to join him in a bid to take over the world!",Ted Nicolaou,72 mins   More at IMDb TMDB  Report this page,"Horror, Comedy","Darrow Igus, Larry Bates, Sarah Scott Davis",The Horrible Doctor Bones,2000,https://letterboxd.com/film/the-horrible-doctor-bones/
Cryptz,2002,"When aspiring rappers Tymez Skwair, Fuzzy Down, and Likrish cross paths with stripper Stesha, they follow her to a mysterious strip club where the sexy ladies are really vampires in disguise. Things go from bad to worse when the vampires' leader Kulada (Ty Badger) finds out that Tymez holds the key to the bloodsuckers' world domination in this urban horror film that plays like ""Vampire Strippers in the Hood.",Danny Draven,78 mins   More at IMDb TMDB  Report this page,Horror,"Choice Skinner, Rick Irvin, Dennis Waller",Cryptz,2002,https://letterboxd.com/film/cryptz/
Freeway II: Confessions of a Trickbaby,1999,"A twisted teenage prostitute and an equally deranged vicious killer manage to escape from the pen and embark on a non-stop orgy of violence and debauchery, all while hoping to make it across the border into Mexico in order to seek refuge with the mysterious Sister Gomez.",Matthew Bright,98 mins   More at IMDb TMDB  Report this page,"Horror, Comedy, Crime","Natasha Lyonne, María Celedonio, Vincent Gallo",Freeway II: Confessions of a Trickbaby,1999,https://letterboxd.com/film/freeway-ii-confessions-of-a-trickbaby/
Susan's Plan,1998,"Susan wants her reprehensible ex-husband dead and, in several bungled attempts by henchmen, tries to accomplish the deed.",John Landis,89 mins   More at IMDb TMDB  Report this page,"Crime, Comedy","Nastassja Kinski, Billy Zane, Michael Biehn",Susan's Plan,1998,https://letterboxd.com/film/susans-plan/
Naked Weapon,2002,"A mysterious woman, known as Madame M, kidnaps forty pre-teen girls and transports them to a remote island to train them as the most deadly assassins. CIA operative Jack Chen follows the case for 6 years with no leads, but when a series of assassinations begin to occur, Jack suspects that Madame M is back in business.",Tony Ching Siu-Tung,90 mins   More at IMDb TMDB  Report this page,"Thriller, Drama, Action","Maggie Q, Anya, Daniel Wu",Naked Weapon,2002,https://letterboxd.com/film/naked-weapon/
Mansion of the Doomed,1976,An insane surgeon finds himself up to his armpits in eyeballs after guilt prompts him to begin removing the eyes of abducted people in hopes of performing transplants on his daughter who lost her own in a car-accident he caused.,Michael Pataki,86 mins   More at IMDb TMDB  Report this page,Horror,"Richard Basehart, Gloria Grahame, Lance Henriksen",Mansion of the Doomed,1976,https://letterboxd.com/film/mansion-of-the-doomed/
End of the World,1977,"After witnessing a man's death in a bizarre accident, Father Pergado goes on a spiritual retreat, where he encounters his alien double bent on world conquest.",John Hayes,88 mins   More at IMDb TMDB  Report this page,"Horror, Fantasy, Thriller, Science Fiction","Christopher Lee, Sue Lyon, Kirk Scott",End of the World,1977,https://letterboxd.com/film/end-of-the-world-1977/
Laserblast,1978,"Happy go-lucky teen Billy Duncan discovers an otherworldly laser gun in the southern California desert, making him the target of a pair of aliens who had recently executed its previous owner.",Michael Rae,83 mins   More at IMDb TMDB  Report this page,"Horror, Science Fiction","Kim Milford, Cheryl Smith, Gianni Russo",Laserblast,1978,https://letterboxd.com/film/laserblast/
Tourist Trap,1979,"After their car breaks down, a group of young travelers find themselves stranded at a roadside museum run by the enigmatic Mr. Slausen and populated by his collection of life-like wax mannequins.",David Schmoeller,90 mins   More at IMDb TMDB  Report this page,"Fantasy, Horror","Chuck Connors, Jocelyn Jones, Jon Van Ness",Tourist Trap,1979,https://letterboxd.com/film/tourist-trap/
Zombies vs. Strippers,2012,"The Tough Titty is about to go under after losing a lot of money and gaining no customers. After they bring together their staff for the night to declare bankruptcy and lay offs, little do they know that around them the city is being sieged by the walking dead.",Alex Nicolaou,74 mins   More at IMDb TMDB  Report this page,"Horror, Comedy","Circus-Szalewski, Eve Mauro, Victoria Levine",Zombies vs. Strippers,2012,https://letterboxd.com/film/zombies-vs-strippers/
Trancers,1984,"Angel City trooper Jack Deth is sent back in time from 2247 to 1985 L.A. to inhabit the body of his ancestor. Deth's assignment is to find his archenemy, Whistler, who turns people into zombies, before the fiend is able to kill all the ancestors of the future's governing council.",Charles Band,77 mins   More at IMDb TMDB  Report this page,"Science Fiction, Crime","Tim Thomerson, Helen Hunt, Biff Manard",Trancers,1984,https://letterboxd.com/film/trancers/
Creepozoids,1987,"Five Army deserters wander the post-apocalyptic, post-industrial LA landscape seeking shelter from an increasingly toxic environment and poisonous rain.",David DeCoteau,72 mins   More at IMDb TMDB  Report this page,"Horror, Science Fiction","Linnea Quigley, Ken Abraham, Michael Aranda",Creepozoids,1987,https://letterboxd.com/film/creepozoids/
Sorority Babes in the Slimeball Bowl-O-Rama,1988,"Out to steal a trophy from a local bowling alley, a group of college students accidentally unleash the imp -- a sadistic little spirit that creates demons and loves sexy women.",David DeCoteau,80 mins   More at IMDb TMDB  Report this page,"Horror, Comedy","Andras Jones, Linnea Quigley, Robin Stille",Sorority Babes in the Slimeball Bowl-O-Rama,1988,https://letterboxd.com/film/sorority-babes-in-the-slimeball-bowl-o-rama/
Dead & Rotting,2002,"Three prankster buddies release the wrath of an aged witch, Abigail, when they unwittingly become accomplices to the murder of her son. Scheming in anger, the witch seduces the three friends and then uses the men's own ill-born spawn to destroy them. Death and rot are left in the wake...",David P. Barton,72 mins   More at IMDb TMDB  Report this page,Horror,"Debbie Rochon, Stephen O'Mahoney, Tom Hoover",Dead & Rotting,2002,https://letterboxd.com/film/dead-rotting/
DeathBed,2002,"When Karen and her significant other move to a new apartment, they discover an old antique bed. Karen absolutely loves it and she soon allows it to inspire her artwork. However, a series of disturbing dreams begin to haunt Karen. Eventually she starts to become unhinged and her paranoia overtakes every aspect of her life.",Danny Draven,80 mins   More at IMDb TMDB  Report this page,"Romance, Horror, Thriller","Tanya Dempsey, Brave Matthews, Joe Estevez",DeathBed,2002,https://letterboxd.com/film/deathbed/
Slave Girls from Beyond Infinity,1987,"In the future, two slaves in a distant galaxy escape prison and crash-land on a strange planet. They meet Zed, whose hospitality attempts to hide the fact they are to be hunted for sport. Armed only with knives and their wits, the girls must battle their way across the jungle to a hidden arms cache before Zed catches and kills them.",Ken Dixon,74 mins   More at IMDb TMDB  Report this page,"Science Fiction, Adventure, Action","Elizabeth Kaitan, Cindy Beal, Don Scribner",Slave Girls from Beyond Infinity,1987,https://letterboxd.com/film/slave-girls-from-beyond-infinity/
